datetime,free_flow_speed,traffic_speed,density_factor,number_of_vehicles,points
2024-07-03T07:00:00+02:00,22.678745644599303,19.723636363636363,1.1498257839721255,452,"[{'latitude': 41.09707, 'longitude': 16.86765}, {'latitude': 41.09694, 'longitude': 16.86913}, {'latitude': 41.09688, 'longitude': 16.86965}, {'latitude': 41.09677, 'longitude': 16.8709}, {'latitude': 41.09716, 'longitude': 16.87096}, {'latitude': 41.09719, 'longitude': 16.87056}, {'latitude': 41.09725, 'longitude': 16.86995}, {'latitude': 41.0973, 'longitude': 16.86943}, {'latitude': 41.09734, 'longitude': 16.86899}, {'latitude': 41.09737, 'longitude': 16.86868}, {'latitude': 41.09747, 'longitude': 16.86757}, {'latitude': 41.0973, 'longitude': 16.8676}]"
2024-07-03T08:00:00+02:00,22.678745644599303,17.3568,1.3066202090592334,514,"[{'latitude': 41.09707, 'longitude': 16.86765}, {'latitude': 41.09694, 'longitude': 16.86913}, {'latitude': 41.09688, 'longitude': 16.86965}, {'latitude': 41.09677, 'longitude': 16.8709}, {'latitude': 41.09716, 'longitude': 16.87096}, {'latitude': 41.09719, 'longitude': 16.87056}, {'latitude': 41.09725, 'longitude': 16.86995}, {'latitude': 41.0973, 'longitude': 16.86943}, {'latitude': 41.09734, 'longitude': 16.86899}, {'latitude': 41.09737, 'longitude': 16.86868}, {'latitude': 41.09747, 'longitude': 16.86757}, {'latitude': 41.0973, 'longitude': 16.8676}]"
2024-07-03T09:00:00+02:00,22.678745644599303,17.128421052631577,1.3240418118466901,520,"[{'latitude': 41.09707, 'longitude': 16.86765}, {'latitude': 41.09694, 'longitude': 16.86913}, {'latitude': 41.09688, 'longitude': 16.86965}, {'latitude': 41.09677, 'longitude': 16.8709}, {'latitude': 41.09716, 'longitude': 16.87096}, {'latitude': 41.09719, 'longitude': 16.87056}, {'latitude': 41.09725, 'longitude': 16.86995}, {'latitude': 41.0973, 'longitude': 16.86943}, {'latitude': 41.09734, 'longitude': 16.86899}, {'latitude': 41.09737, 'longitude': 16.86868}, {'latitude': 41.09747, 'longitude': 16.86757}, {'latitude': 41.0973, 'longitude': 16.8676}]"
2024-07-03T10:00:00+02:00,22.678745644599303,17.173614775725593,1.3205574912891986,519,"[{'latitude': 41.09707, 'longitude': 16.86765}, {'latitude': 41.09694, 'longitude': 16.86913}, {'latitude': 41.09688, 'longitude': 16.86965}, {'latitude': 41.09677, 'longitude': 16.8709}, {'latitude': 41.09716, 'longitude': 16.87096}, {'latitude': 41.09719, 'longitude': 16.87056}, {'latitude': 41.09725, 'longitude': 16.86995}, {'latitude': 41.0973, 'longitude': 16.86943}, {'latitude': 41.09734, 'longitude': 16.86899}, {'latitude': 41.09737, 'longitude': 16.86868}, {'latitude': 41.09747, 'longitude': 16.86757}, {'latitude': 41.0973, 'longitude': 16.8676}]"
2024-07-03T13:00:00+02:00,22.678745644599303,17.219047619047622,1.3170731707317072,518,"[{'latitude': 41.09707, 'longitude': 16.86765}, {'latitude': 41.09694, 'longitude': 16.86913}, {'latitude': 41.09688, 'longitude': 16.86965}, {'latitude': 41.09677, 'longitude': 16.8709}, {'latitude': 41.09716, 'longitude': 16.87096}, {'latitude': 41.09719, 'longitude': 16.87056}, {'latitude': 41.09725, 'longitude': 16.86995}, {'latitude': 41.0973, 'longitude': 16.86943}, {'latitude': 41.09734, 'longitude': 16.86899}, {'latitude': 41.09737, 'longitude': 16.86868}, {'latitude': 41.09747, 'longitude': 16.86757}, {'latitude': 41.0973, 'longitude': 16.8676}]"
2024-07-03T14:00:00+02:00,22.678745644599303,17.98011049723757,1.2613240418118468,496,"[{'latitude': 41.09707, 'longitude': 16.86765}, {'latitude': 41.09694, 'longitude': 16.86913}, {'latitude': 41.09688, 'longitude': 16.86965}, {'latitude': 41.09677, 'longitude': 16.8709}, {'latitude': 41.09716, 'longitude': 16.87096}, {'latitude': 41.09719, 'longitude': 16.87056}, {'latitude': 41.09725, 'longitude': 16.86995}, {'latitude': 41.0973, 'longitude': 16.86943}, {'latitude': 41.09734, 'longitude': 16.86899}, {'latitude': 41.09737, 'longitude': 16.86868}, {'latitude': 41.09747, 'longitude': 16.86757}, {'latitude': 41.0973, 'longitude': 16.8676}]"
2024-07-03T15:00:00+02:00,22.678745644599303,18.080000000000002,1.254355400696864,493,"[{'latitude': 41.09707, 'longitude': 16.86765}, {'latitude': 41.09694, 'longitude': 16.86913}, {'latitude': 41.09688, 'longitude': 16.86965}, {'latitude': 41.09677, 'longitude': 16.8709}, {'latitude': 41.09716, 'longitude': 16.87096}, {'latitude': 41.09719, 'longitude': 16.87056}, {'latitude': 41.09725, 'longitude': 16.86995}, {'latitude': 41.0973, 'longitude': 16.86943}, {'latitude': 41.09734, 'longitude': 16.86899}, {'latitude': 41.09737, 'longitude': 16.86868}, {'latitude': 41.09747, 'longitude': 16.86757}, {'latitude': 41.0973, 'longitude': 16.8676}]"
2024-07-03T18:00:00+02:00,22.678745644599303,16.436363636363637,1.3797909407665505,542,"[{'latitude': 41.09707, 'longitude': 16.86765}, {'latitude': 41.09694, 'longitude': 16.86913}, {'latitude': 41.09688, 'longitude': 16.86965}, {'latitude': 41.09677, 'longitude': 16.8709}, {'latitude': 41.09716, 'longitude': 16.87096}, {'latitude': 41.09719, 'longitude': 16.87056}, {'latitude': 41.09725, 'longitude': 16.86995}, {'latitude': 41.0973, 'longitude': 16.86943}, {'latitude': 41.09734, 'longitude': 16.86899}, {'latitude': 41.09737, 'longitude': 16.86868}, {'latitude': 41.09747, 'longitude': 16.86757}, {'latitude': 41.0973, 'longitude': 16.8676}]"
2024-07-03T19:00:00+02:00,22.678745644599303,16.561832061068703,1.3693379790940765,538,"[{'latitude': 41.09707, 'longitude': 16.86765}, {'latitude': 41.09694, 'longitude': 16.86913}, {'latitude': 41.09688, 'longitude': 16.86965}, {'latitude': 41.09677, 'longitude': 16.8709}, {'latitude': 41.09716, 'longitude': 16.87096}, {'latitude': 41.09719, 'longitude': 16.87056}, {'latitude': 41.09725, 'longitude': 16.86995}, {'latitude': 41.0973, 'longitude': 16.86943}, {'latitude': 41.09734, 'longitude': 16.86899}, {'latitude': 41.09737, 'longitude': 16.86868}, {'latitude': 41.09747, 'longitude': 16.86757}, {'latitude': 41.0973, 'longitude': 16.8676}]"
2024-07-03T20:00:00+02:00,22.678745644599303,17.735149863760217,1.2787456445993033,503,"[{'latitude': 41.09707, 'longitude': 16.86765}, {'latitude': 41.09694, 'longitude': 16.86913}, {'latitude': 41.09688, 'longitude': 16.86965}, {'latitude': 41.09677, 'longitude': 16.8709}, {'latitude': 41.09716, 'longitude': 16.87096}, {'latitude': 41.09719, 'longitude': 16.87056}, {'latitude': 41.09725, 'longitude': 16.86995}, {'latitude': 41.0973, 'longitude': 16.86943}, {'latitude': 41.09734, 'longitude': 16.86899}, {'latitude': 41.09737, 'longitude': 16.86868}, {'latitude': 41.09747, 'longitude': 16.86757}, {'latitude': 41.0973, 'longitude': 16.8676}]"
2024-07-03T21:00:00+02:00,22.678745644599303,19.904587155963302,1.1393728222996515,448,"[{'latitude': 41.09707, 'longitude': 16.86765}, {'latitude': 41.09694, 'longitude': 16.86913}, {'latitude': 41.09688, 'longitude': 16.86965}, {'latitude': 41.09677, 'longitude': 16.8709}, {'latitude': 41.09716, 'longitude': 16.87096}, {'latitude': 41.09719, 'longitude': 16.87056}, {'latitude': 41.09725, 'longitude': 16.86995}, {'latitude': 41.0973, 'longitude': 16.86943}, {'latitude': 41.09734, 'longitude': 16.86899}, {'latitude': 41.09737, 'longitude': 16.86868}, {'latitude': 41.09747, 'longitude': 16.86757}, {'latitude': 41.0973, 'longitude': 16.8676}]"
