|---------|---------------------|---------------------|--------------------|--------------------|------------|
| Episode | Reward Min          | Reward Mean         | Reward Max         | Episode Length     | Checkpoint |
|---------|---------------------|---------------------|--------------------|--------------------|------------|
|       2 |               -50.4 | -10.013699753896637 |  4.700000000000005 |  3.277276456111567 |            |
|---------|---------------------|---------------------|--------------------|--------------------|------------|
|       3 |               -50.5 |  -9.318144329896906 |  6.600000000000001 |  4.125773195876289 |            |
|---------|---------------------|---------------------|--------------------|--------------------|------------|
|       4 |               -50.4 |   -8.24250720461095 | 30.599999999999973 |  5.707492795389049 |            |
|---------|---------------------|---------------------|--------------------|--------------------|------------|
|       5 |               -50.4 |   -6.25784543325527 |  58.29999999999993 |   9.38407494145199 |            |
|---------|---------------------|---------------------|--------------------|--------------------|------------|
|       6 |               -50.1 |  -4.344000000000002 |  69.30000000000001 | 13.253333333333334 |            |
|---------|---------------------|---------------------|--------------------|--------------------|------------|
|       7 |               -50.2 | -2.8141762452107324 |  65.99999999999997 | 15.157088122605364 |            |
|---------|---------------------|---------------------|--------------------|--------------------|------------|
|       8 |               -50.1 | -1.0586046511627967 |  68.19999999999997 | 18.706976744186047 |            |
|---------|---------------------|---------------------|--------------------|--------------------|------------|
|       9 |               -50.0 |  0.7287878787878728 |  78.10000000000002 | 20.555555555555557 |            |
|---------|---------------------|---------------------|--------------------|--------------------|------------|
|      10 |               -50.2 | -0.7342723004694891 |               77.0 |   18.6056338028169 |            |
|---------|---------------------|---------------------|--------------------|--------------------|------------|
|      11 |               -50.2 |   5.445864661654125 |  74.80000000000001 |  30.43609022556391 |            |
|---------|---------------------|---------------------|--------------------|--------------------|------------|
|      12 |               -50.0 | 0.27076923076922355 |  77.00000000000001 | 20.512820512820515 |            |
|---------|---------------------|---------------------|--------------------|--------------------|------------|
|      13 |               -50.1 |   0.686631016042774 |  88.00000000000003 | 20.962566844919785 |            |
|---------|---------------------|---------------------|--------------------|--------------------|------------|
|      14 |               -50.3 | -0.7809756097561051 |  70.39999999999998 | 19.380487804878047 |            |
|---------|---------------------|---------------------|--------------------|--------------------|------------|
|      15 |               -50.0 |    3.22945205479451 |  69.29999999999997 | 27.410958904109588 |            |
|---------|---------------------|---------------------|--------------------|--------------------|------------|
|      16 |               -50.0 |   4.702614379084959 |  90.20000000000002 |  26.81045751633987 |            |
|---------|---------------------|---------------------|--------------------|--------------------|------------|
|      17 |               -50.1 |   4.108641975308636 |  85.80000000000001 | 24.709876543209877 |            |
|---------|---------------------|---------------------|--------------------|--------------------|------------|
|      18 |               -50.2 |  7.4119047619047524 |  83.60000000000002 |  31.50793650793651 |            |
|---------|---------------------|---------------------|--------------------|--------------------|------------|
|      19 |               -50.1 |  11.196999999999985 |  80.30000000000001 |              40.25 |            |
|---------|---------------------|---------------------|--------------------|--------------------|------------|
|      20 |               -50.0 |   8.725225225225213 |  74.79999999999998 | 35.108108108108105 |            |
|---------|---------------------|---------------------|--------------------|--------------------|------------|
|      21 |               -50.0 |  13.332999999999988 |               88.0 |               40.0 |            |
|---------|---------------------|---------------------|--------------------|--------------------|------------|
|      22 |               -50.1 |    7.02601626016259 |               86.9 |  32.53658536585366 |            |
|---------|---------------------|---------------------|--------------------|--------------------|------------|
|      23 |               -50.2 |  11.056999999999984 |  88.00000000000001 |              40.74 |            |
|---------|---------------------|---------------------|--------------------|--------------------|------------|
|      24 |               -50.1 |   4.822068965517231 |  78.09999999999998 | 27.875862068965517 |            |
|---------|---------------------|---------------------|--------------------|--------------------|------------|
|      25 |               -50.0 |   4.512056737588645 |  90.20000000000002 | 27.836879432624112 |            |
|---------|---------------------|---------------------|--------------------|--------------------|------------|
|      26 |               -50.3 |    9.02605042016806 |  88.00000000000003 |  33.50420168067227 |            |
|---------|---------------------|---------------------|--------------------|--------------------|------------|
|      27 |               -50.3 |    5.32681159420289 |  91.30000000000003 |  29.18840579710145 |            |
|---------|---------------------|---------------------|--------------------|--------------------|------------|
|      28 |               -49.2 |    8.34959349593495 |  90.20000000000002 |   32.6260162601626 |            |
|---------|---------------------|---------------------|--------------------|--------------------|------------|
|      29 |               -50.2 |   4.237735849056597 |  91.30000000000001 | 24.930817610062892 |            |
|---------|---------------------|---------------------|--------------------|--------------------|------------|
|      30 |               -50.2 |   5.644360902255627 |  90.20000000000003 | 30.172932330827066 |            |
|---------|---------------------|---------------------|--------------------|--------------------|------------|
|      31 |               -50.1 |   7.476190476190467 |  90.20000000000003 | 31.873015873015873 |            |
|---------|---------------------|---------------------|--------------------|--------------------|------------|
|      32 |               -10.4 |  10.676521739130427 |  86.90000000000003 |  34.30434782608695 |            |
|---------|---------------------|---------------------|--------------------|--------------------|------------|
|      33 |               -50.1 |   5.615714285714279 |  91.30000000000003 |               28.9 |            |
|---------|---------------------|---------------------|--------------------|--------------------|------------|
|      34 |               -50.1 |  7.4966386554621725 |               82.5 |  33.35294117647059 |            |
|---------|---------------------|---------------------|--------------------|--------------------|------------|
|      35 |               -50.2 |   6.185714285714276 |  79.20000000000002 | 30.398496240601503 |            |
|---------|---------------------|---------------------|--------------------|--------------------|------------|
|      36 |               -50.0 |  11.128155339805815 |  82.50000000000003 |  38.37864077669903 |            |
|---------|---------------------|---------------------|--------------------|--------------------|------------|
|      37 |               -50.1 |  14.987999999999985 |  83.60000000000004 |              45.07 |            |
|---------|---------------------|---------------------|--------------------|--------------------|------------|
|      38 |               -50.2 |   6.225185185185176 |  83.60000000000004 | 30.251851851851853 |            |
|---------|---------------------|---------------------|--------------------|--------------------|------------|
|      39 |               -50.0 |    8.53859649122806 |  79.20000000000002 |  34.93859649122807 |            |
|---------|---------------------|---------------------|--------------------|--------------------|------------|
|      40 |               -50.1 |  10.666666666666654 |               80.3 | 38.352380952380955 |            |
|---------|---------------------|---------------------|--------------------|--------------------|------------|
|      41 |               -50.1 |   9.553703703703691 |               77.0 | 36.101851851851855 |            |
|---------|---------------------|---------------------|--------------------|--------------------|------------|
|      42 |               -50.1 |  1.2254237288135523 |  68.19999999999999 | 22.615819209039547 |            |
|---------|---------------------|---------------------|--------------------|--------------------|------------|
|      43 |               -50.0 |   5.830827067669163 |  83.60000000000002 |  29.93233082706767 |            |
|---------|---------------------|---------------------|--------------------|--------------------|------------|
|      44 |               -49.0 |   9.877477477477468 |  69.29999999999997 | 36.891891891891895 |            |
|---------|---------------------|---------------------|--------------------|--------------------|------------|
|      45 |               -50.2 |   6.612698412698403 |  74.79999999999998 | 31.857142857142858 |            |
|---------|---------------------|---------------------|--------------------|--------------------|------------|
|      46 |               -48.4 |   8.199999999999983 |  69.29999999999998 |  35.36036036036036 |            |
|---------|---------------------|---------------------|--------------------|--------------------|------------|
|      47 |               -50.2 |  2.9896551724137836 |  70.39999999999998 |  27.56551724137931 |            |
|---------|---------------------|---------------------|--------------------|--------------------|------------|
|      48 |               -50.1 |   4.808695652173904 |  80.30000000000001 | 29.442028985507246 |            |
|---------|---------------------|---------------------|--------------------|--------------------|------------|
|      49 |               -50.5 |  11.122999999999983 |  72.59999999999997 |              41.09 |            |
|---------|---------------------|---------------------|--------------------|--------------------|------------|
|      50 |               -50.0 |   5.697692307692296 |  70.39999999999998 | 30.715384615384615 |            |
|---------|---------------------|---------------------|--------------------|--------------------|------------|
|      51 |               -50.0 |    8.21592920353981 |  92.40000000000003 | 35.991150442477874 |            |
|---------|---------------------|---------------------|--------------------|--------------------|------------|
|      52 |               -50.3 |   8.129090909090896 |  71.49999999999997 |  36.14545454545455 |            |
|---------|---------------------|---------------------|--------------------|--------------------|------------|
|      53 |               -50.2 |   4.788059701492527 |  81.40000000000003 | 30.171641791044777 |            |
|---------|---------------------|---------------------|--------------------|--------------------|------------|
|      54 |               -50.4 |   6.584166666666653 |  70.39999999999998 | 32.766666666666666 |            |
|---------|---------------------|---------------------|--------------------|--------------------|------------|
|      55 |               -50.2 |   7.749593495934946 |  73.69999999999999 |  32.73170731707317 |            |
|---------|---------------------|---------------------|--------------------|--------------------|------------|
|      56 |               -50.0 |   6.309677419354826 |               77.0 |               32.0 |            |
|---------|---------------------|---------------------|--------------------|--------------------|------------|
|      57 |               -50.2 |   7.763963963963948 |  77.00000000000003 |  36.47747747747748 |            |
|---------|---------------------|---------------------|--------------------|--------------------|------------|
|      58 |               -50.1 |   5.215909090909079 |               75.9 | 30.393939393939394 |            |
|---------|---------------------|---------------------|--------------------|--------------------|------------|
|      59 |               -50.6 |  3.1406249999999885 |  76.99999999999997 |         31.3046875 |            |
|---------|---------------------|---------------------|--------------------|--------------------|------------|
|      60 |               -10.5 |   7.354166666666655 |               75.9 |  32.63333333333333 |            |
|---------|---------------------|---------------------|--------------------|--------------------|------------|
|      61 |               -50.0 |   4.463513513513503 |  72.60000000000001 | 27.445945945945947 |            |
|---------|---------------------|---------------------|--------------------|--------------------|------------|
|      62 |               -50.3 |  3.4132867132867033 |  78.10000000000002 | 28.083916083916083 |            |
|---------|---------------------|---------------------|--------------------|--------------------|------------|
|      63 |               -50.2 |    7.60471698113206 |  69.29999999999997 |  37.41509433962264 |            |
|---------|---------------------|---------------------|--------------------|--------------------|------------|
|      64 |               -50.0 |   5.531297709923653 |  75.89999999999999 |  30.12213740458015 |            |
|---------|---------------------|---------------------|--------------------|--------------------|------------|
|      65 |               -50.3 |  0.3039325842696534 |               72.6 |  23.06179775280899 |            |
|---------|---------------------|---------------------|--------------------|--------------------|------------|
|      66 |               -50.2 |   7.082926829268281 |  82.50000000000003 | 31.853658536585368 |            |
|---------|---------------------|---------------------|--------------------|--------------------|------------|
|      67 |               -50.1 |  10.099082568807326 |               81.4 |  37.41284403669725 |            |
|---------|---------------------|---------------------|--------------------|--------------------|------------|
|      68 |               -50.0 |   9.378095238095225 |  89.10000000000002 | 37.628571428571426 |            |
|---------|---------------------|---------------------|--------------------|--------------------|------------|
|      69 |               -50.0 |   4.945588235294107 |               77.0 | 29.279411764705884 |            |
|---------|---------------------|---------------------|--------------------|--------------------|------------|
|      70 |               -50.3 |  5.2449152542372754 |  73.69999999999999 | 34.152542372881356 |            |
|---------|---------------------|---------------------|--------------------|--------------------|------------|
|      71 |               -50.1 |   5.389473684210514 |               71.5 | 30.172932330827066 |            |
|---------|---------------------|---------------------|--------------------|--------------------|------------|
|      72 |               -50.2 |  2.7788079470198586 |  69.29999999999997 |   26.4635761589404 |            |
|---------|---------------------|---------------------|--------------------|--------------------|------------|
|      73 | -10.799999999999999 |   6.468181818181807 |               77.0 |  30.12121212121212 |            |
|---------|---------------------|---------------------|--------------------|--------------------|------------|
|      74 |               -50.0 |  11.869999999999983 |  71.49999999999999 |              39.68 |            |
|---------|---------------------|---------------------|--------------------|--------------------|------------|
|      75 |               -50.0 |   6.894444444444433 |  72.60000000000001 |  32.48412698412698 |            |
|---------|---------------------|---------------------|--------------------|--------------------|------------|
|      76 |               -50.1 |   5.597520661157013 |  72.60000000000001 |  32.67768595041322 |            |
|---------|---------------------|---------------------|--------------------|--------------------|------------|
|      77 |               -50.4 |   6.875833333333321 |               81.4 |              33.25 |            |
|---------|---------------------|---------------------|--------------------|--------------------|------------|
|      78 |               -50.0 |   8.232499999999986 |               74.8 | 33.858333333333334 |            |
|---------|---------------------|---------------------|--------------------|--------------------|------------|
|      79 |               -50.3 |   4.277037037037026 |  74.80000000000001 |  29.42962962962963 |            |
|---------|---------------------|---------------------|--------------------|--------------------|------------|
|      80 |               -50.2 |   2.201418439716303 |               81.4 |  28.52482269503546 |            |
|---------|---------------------|---------------------|--------------------|--------------------|------------|
|      81 |               -49.5 |   4.236551724137922 |  89.10000000000002 |  27.63448275862069 |            |
|---------|---------------------|---------------------|--------------------|--------------------|------------|
|      82 |               -49.5 |   8.549999999999988 |               78.1 |  34.14912280701754 |            |
|---------|---------------------|---------------------|--------------------|--------------------|------------|
|      83 |               -50.1 |   9.412173913043468 |  85.80000000000001 | 35.530434782608694 |            |
|---------|---------------------|---------------------|--------------------|--------------------|------------|
|      84 |               -49.2 |  10.740594059405927 |  85.80000000000001 |  38.83168316831683 |            |
|---------|---------------------|---------------------|--------------------|--------------------|------------|
|      85 |               -50.3 |  11.568316831683154 |               71.5 |  39.82178217821782 |            |
|---------|---------------------|---------------------|--------------------|--------------------|------------|
|      86 |               -50.3 |   9.610091743119252 |  72.59999999999998 |  37.14678899082569 |            |
|---------|---------------------|---------------------|--------------------|--------------------|------------|
|      87 |               -43.6 |  10.591346153846139 |  72.59999999999997 |  38.72115384615385 |            |
|---------|---------------------|---------------------|--------------------|--------------------|------------|
|      88 |               -47.4 |   9.121052631578936 |               72.6 |  35.10526315789474 |            |
|---------|---------------------|---------------------|--------------------|--------------------|------------|
|      89 |               -50.3 |  11.385999999999981 |               72.6 |              42.79 |            |
|---------|---------------------|---------------------|--------------------|--------------------|------------|
|      90 |               -10.9 |   11.94019607843136 |               75.9 |  38.42156862745098 |            |
|---------|---------------------|---------------------|--------------------|--------------------|------------|
|      91 |               -10.2 |   9.662393162393153 |  78.10000000000001 | 34.324786324786324 |            |
|---------|---------------------|---------------------|--------------------|--------------------|------------|
|      92 |               -50.0 |   2.956774193548379 |  73.69999999999999 |  26.06451612903226 |            |
|---------|---------------------|---------------------|--------------------|--------------------|------------|
|      93 |               -50.3 |    5.97812499999999 |  86.90000000000002 |         30.8359375 |            |
|---------|---------------------|---------------------|--------------------|--------------------|------------|
|      94 |               -50.1 |   9.165740740740727 |  80.30000000000001 | 37.148148148148145 |            |
|---------|---------------------|---------------------|--------------------|--------------------|------------|
|      95 |               -50.7 |   9.764220183486223 |  70.39999999999998 |  36.72477064220183 |            |
|---------|---------------------|---------------------|--------------------|--------------------|------------|
|      96 |               -50.1 |   6.029133858267705 |  80.30000000000004 | 31.433070866141733 |            |
|---------|---------------------|---------------------|--------------------|--------------------|------------|
|      97 |               -10.6 |  7.8811475409835925 |               68.2 | 32.885245901639344 |            |
|---------|---------------------|---------------------|--------------------|--------------------|------------|
|      98 |               -50.0 |   4.566206896551714 |  75.90000000000003 | 27.958620689655174 |            |
|---------|---------------------|---------------------|--------------------|--------------------|------------|
|      99 |               -50.3 |   8.000833333333322 |  69.29999999999998 |              33.35 |            |
|---------|---------------------|---------------------|--------------------|--------------------|------------|
|     100 |               -49.1 |   9.362499999999986 |  80.30000000000001 |  35.57142857142857 |            |
|---------|---------------------|---------------------|--------------------|--------------------|------------|
|     101 |               -50.0 |   8.503508771929809 |  72.59999999999998 |  35.35087719298246 |            |
|---------|---------------------|---------------------|--------------------|--------------------|------------|
|     102 |               -50.0 |    5.04153846153845 |               70.4 |  30.29230769230769 |            |
|---------|---------------------|---------------------|--------------------|--------------------|------------|
|     103 |               -50.3 |  12.268999999999982 |  71.49999999999996 |              42.31 |            |
|---------|---------------------|---------------------|--------------------|--------------------|------------|
|     104 |               -50.0 |   9.919811320754702 |  73.69999999999999 |  37.34905660377358 |            |
|---------|---------------------|---------------------|--------------------|--------------------|------------|
|     105 |               -50.2 |    8.16016949152541 |  69.30000000000003 | 34.601694915254235 |            |
|---------|---------------------|---------------------|--------------------|--------------------|------------|
|     106 |               -50.1 |   8.217391304347816 |  71.49999999999997 |  34.21739130434783 |            |
|---------|---------------------|---------------------|--------------------|--------------------|------------|
|     107 |               -50.4 |    7.17521367521366 |  68.19999999999996 |  34.12820512820513 |            |
|---------|---------------------|---------------------|--------------------|--------------------|------------|
|     108 |               -48.3 |  13.193999999999981 |  74.79999999999997 |              43.43 |            |
|---------|---------------------|---------------------|--------------------|--------------------|------------|
|     109 |               -50.0 |   7.392561983471063 |               74.8 |  32.87603305785124 |            |
|---------|---------------------|---------------------|--------------------|--------------------|------------|
|     110 |               -50.0 |   6.388549618320598 |  67.09999999999994 |  30.72519083969466 |            |
|---------|---------------------|---------------------|--------------------|--------------------|------------|
|     111 |               -50.0 |   7.346721311475395 |  67.09999999999997 |  32.81147540983606 |            |
|---------|---------------------|---------------------|--------------------|--------------------|------------|
|     112 |               -50.2 |   7.343749999999986 |  73.70000000000002 |  36.07142857142857 |            |
|---------|---------------------|---------------------|--------------------|--------------------|------------|
|     113 |               -50.0 |   7.952252252252238 |  70.39999999999998 |  35.52252252252252 |            |
|---------|---------------------|---------------------|--------------------|--------------------|------------|
|     114 |               -50.0 |  11.372999999999983 |  65.99999999999994 |              41.56 |            |
|---------|---------------------|---------------------|--------------------|--------------------|------------|
|     115 |               -50.0 |   8.766666666666652 |  70.39999999999998 |   36.4537037037037 |            |
|---------|---------------------|---------------------|--------------------|--------------------|------------|
|     116 |               -50.2 |   6.923529411764691 |  67.09999999999995 |  33.84033613445378 |            |
|---------|---------------------|---------------------|--------------------|--------------------|------------|
|     117 |               -10.9 |   9.074107142857128 |  71.49999999999996 |  35.44642857142857 |            |
|---------|---------------------|---------------------|--------------------|--------------------|------------|
|     118 |               -50.0 |  10.168999999999984 |  67.09999999999994 |              39.91 |            |
|---------|---------------------|---------------------|--------------------|--------------------|------------|
|     119 |               -50.1 |   6.006299212598412 |  65.99999999999994 | 31.708661417322833 |            |
|---------|---------------------|---------------------|--------------------|--------------------|------------|
|     120 |               -50.1 |  3.1904458598726024 |  69.29999999999998 | 25.751592356687897 |            |
|---------|---------------------|---------------------|--------------------|--------------------|------------|
|     121 |               -50.3 |   14.14199999999998 |  69.29999999999995 |              46.09 |            |
|---------|---------------------|---------------------|--------------------|--------------------|------------|
|     122 |               -11.0 |  5.8979020979020875 |  65.99999999999994 | 28.762237762237763 |            |
|---------|---------------------|---------------------|--------------------|--------------------|------------|
|     123 |               -50.5 |  3.9075862068965432 |  70.39999999999996 | 27.144827586206898 |            |
|---------|---------------------|---------------------|--------------------|--------------------|------------|
|     124 |               -50.3 | 0.44437869822484377 |  65.99999999999994 | 23.680473372781066 |            |
|---------|---------------------|---------------------|--------------------|--------------------|------------|
|     125 |               -49.1 |   5.755813953488361 |  64.89999999999995 |  31.48062015503876 |            |
|---------|---------------------|---------------------|--------------------|--------------------|------------|
|     126 |               -50.1 |   5.017647058823518 |  65.99999999999994 | 29.426470588235293 |            |
|---------|---------------------|---------------------|--------------------|--------------------|------------|
|     127 |               -50.2 |   7.931034482758607 |  67.09999999999997 |  34.21551724137931 |            |
|---------|---------------------|---------------------|--------------------|--------------------|------------|
|     128 |               -50.2 |   7.814999999999986 |  89.10000000000002 | 33.458333333333336 |            |
|---------|---------------------|---------------------|--------------------|--------------------|------------|
|     129 |               -50.1 |   4.576388888888878 |  67.09999999999997 | 27.805555555555557 |            |
|---------|---------------------|---------------------|--------------------|--------------------|------------|
|     130 |               -50.1 |  3.7719178082191673 |  69.29999999999993 | 26.698630136986303 |            |
|---------|---------------------|---------------------|--------------------|--------------------|------------|
|     131 |               -50.2 |   6.172580645161278 |  86.90000000000003 |  32.79838709677419 |            |
|---------|---------------------|---------------------|--------------------|--------------------|------------|
|     132 |               -50.1 |  4.4179999999999895 |  65.99999999999996 |              26.94 |            |
|---------|---------------------|---------------------|--------------------|--------------------|------------|
|     133 |               -50.3 |   9.772549019607828 |  65.99999999999994 |  38.59803921568628 |            |
|---------|---------------------|---------------------|--------------------|--------------------|------------|
|     134 |               -50.2 |   5.798319327731079 | 63.799999999999955 |  33.67226890756302 |            |
|---------|---------------------|---------------------|--------------------|--------------------|------------|
|     135 |               -50.1 |  10.392999999999981 |  67.09999999999997 |               40.3 |            |
|---------|---------------------|---------------------|--------------------|--------------------|------------|
|     136 |               -50.2 |  7.1172413793103315 |  63.79999999999993 |  34.03448275862069 |            |
|---------|---------------------|---------------------|--------------------|--------------------|------------|
|     137 |               -50.1 |  10.440952380952368 |  72.60000000000001 |  39.13333333333333 |            |
|---------|---------------------|---------------------|--------------------|--------------------|------------|
|     138 |               -50.2 |  12.479999999999984 |  68.19999999999997 |              43.44 |            |
|---------|---------------------|---------------------|--------------------|--------------------|------------|
|     139 |               -50.2 |   6.090624999999987 |  67.09999999999997 |               32.0 |            |
|---------|---------------------|---------------------|--------------------|--------------------|------------|
|     140 |               -50.0 |   5.486153846153834 |               70.4 | 30.623076923076923 |            |
|---------|---------------------|---------------------|--------------------|--------------------|------------|
|     141 |               -50.1 |   6.264601769911491 |  65.99999999999997 |  34.61946902654867 |            |
|---------|---------------------|---------------------|--------------------|--------------------|------------|
|     142 |               -10.5 |  11.599999999999984 |               67.1 |              40.49 |            |
|---------|---------------------|---------------------|--------------------|--------------------|------------|
|     143 |               -50.1 |   7.608695652173899 |  89.10000000000002 |  34.74782608695652 |            |
|---------|---------------------|---------------------|--------------------|--------------------|------------|
|     144 |               -50.0 |  11.736999999999984 |  83.60000000000001 |               40.9 |            |
|---------|---------------------|---------------------|--------------------|--------------------|------------|
|     145 |               -50.1 |   9.423584905660361 |  68.19999999999997 |  37.75471698113208 |            |
|---------|---------------------|---------------------|--------------------|--------------------|------------|
|     146 |               -50.4 |  10.723999999999982 |  70.39999999999998 |              39.86 |            |
|---------|---------------------|---------------------|--------------------|--------------------|------------|
|     147 |               -50.2 |     9.3653846153846 |  69.29999999999997 |  37.85576923076923 |            |
|---------|---------------------|---------------------|--------------------|--------------------|------------|
|     148 |               -50.1 |   13.44799999999998 |  65.99999999999994 |              47.74 |            |
|---------|---------------------|---------------------|--------------------|--------------------|------------|
|     149 |               -50.3 |   8.309433962264137 |  68.19999999999999 | 37.490566037735846 |            |
|---------|---------------------|---------------------|--------------------|--------------------|------------|
|     150 |               -50.1 |   9.348999999999982 |  64.89999999999993 |               40.1 |            |
|---------|---------------------|---------------------|--------------------|--------------------|------------|
|     151 | -10.299999999999999 |  13.314999999999984 |               75.9 |              42.81 |            |
|---------|---------------------|---------------------|--------------------|--------------------|------------|

    #Best route
    REWARD_DISTANCE_LESS = 1
    REWARD_DISTANCE_MORE = -0.1
    TRUNCATE_EPISODE_VALUE= 120
    REWARD_ARRIVING= 5
    REWARD_CURVE = 0