flow_id,start_point_lat,start_point_lon,via_point_1_lat,via_point_1_lon,via_point_2_lat,via_point_2_lon,end_point_lat,end_point_lon
flow_4_0,41.106150407173736,16.839447730868756,41.1069737608908,16.8478332074144,41.10568244199847,16.853647084802333,41.10501918430848,16.853716788029953
flow_4_1,41.106150407173736,16.839447730868756,41.1069737608908,16.8478332074144,41.10567667985701,16.85350139992,41.10655366468042,16.85214501267212
flow_4_2,41.106150407173736,16.839447730868756,41.1069737608908,16.8478332074144,41.10888943814199,16.85603017646436,41.10939348647096,16.855007437640243
flow_4_3,41.106150407173736,16.839447730868756,41.1069737608908,16.8478332074144,41.10760995155661,16.857018182751133,41.107409312693626,16.8583053565791
flow_4_4,41.106150407173736,16.839447730868756,41.1069737608908,16.8478332074144,41.1076655501806,16.853482677393657,41.1076459918036,16.85339947923006
flow_4_5,41.106150407173736,16.839447730868756,41.1069737608908,16.8478332074144,41.10745802857694,16.853291775558137,41.1073338131884,16.85340951411772
flow_4_6,41.106150407173736,16.839447730868756,41.1069737608908,16.8478332074144,41.10734707485234,16.853676884182715,41.10746982861199,16.853767510732208
flow_4_7,41.106150407173736,16.839447730868756,41.1069737608908,16.8478332074144,41.10887945860232,16.855291051507262,41.10861173431363,16.854213003321295
flow_4_8,41.106150407173736,16.839447730868756,41.1069737608908,16.8478332074144,41.1069737608908,16.8478332074144,41.106150407173736,16.839447730868756
flow_4_9,41.106150407173736,16.839447730868756,41.1069737608908,16.8478332074144,41.10357239370584,16.849347341324286,41.10397951428041,16.847630876135593
flow_4_10,41.106150407173736,16.839447730868756,41.1069737608908,16.8478332074144,41.107787793577664,16.858261368905033,41.10843939498842,16.85693747474272
flow_4_11,41.106150407173736,16.839447730868756,41.1069737608908,16.8478332074144,41.10357239370584,16.849347341324286,41.10403927028676,16.849306737173062
flow_4_12,41.106150407173736,16.839447730868756,41.1069737608908,16.8478332074144,41.107317336305385,16.858674438324883,41.10722590625396,16.85936114348573
flow_4_13,41.106150407173736,16.839447730868756,41.1069737608908,16.8478332074144,41.106763993263314,16.853544489327305,41.10586575211826,16.853629734176355
flow_4_14,41.106150407173736,16.839447730868756,41.1069737608908,16.8478332074144,41.104058750589815,16.85390531064681,41.104854405575175,16.85383635754744
flow_4_15,41.106150407173736,16.839447730868756,41.1069737608908,16.8478332074144,41.104241848915706,16.852339159437378,41.10301262752712,16.852438574025896
flow_4_16,41.106150407173736,16.839447730868756,41.1069737608908,16.8478332074144,41.1020049738588,16.856644941095766,41.10326561352771,16.856379181688784
flow_4_17,41.106150407173736,16.839447730868756,41.1069737608908,16.8478332074144,41.10326307854501,16.856240261410846,41.1020049738588,16.856644941095766
flow_4_18,41.10397951428041,16.847630876135593,41.10357239370584,16.849347341324286,41.10568244199847,16.853647084802333,41.10501918430848,16.853716788029953
flow_4_19,41.10397951428041,16.847630876135593,41.10357239370584,16.849347341324286,41.10567667985701,16.85350139992,41.10655366468042,16.85214501267212
flow_4_20,41.10397951428041,16.847630876135593,41.10357239370584,16.849347341324286,41.10888943814199,16.85603017646436,41.10939348647096,16.855007437640243
flow_4_21,41.10397951428041,16.847630876135593,41.10357239370584,16.849347341324286,41.10760995155661,16.857018182751133,41.107409312693626,16.8583053565791
flow_4_22,41.10397951428041,16.847630876135593,41.10357239370584,16.849347341324286,41.1076655501806,16.853482677393657,41.1076459918036,16.85339947923006
flow_4_23,41.10397951428041,16.847630876135593,41.10357239370584,16.849347341324286,41.10745802857694,16.853291775558137,41.1073338131884,16.85340951411772
flow_4_24,41.10397951428041,16.847630876135593,41.10357239370584,16.849347341324286,41.10734707485234,16.853676884182715,41.10746982861199,16.853767510732208
flow_4_25,41.10397951428041,16.847630876135593,41.10357239370584,16.849347341324286,41.10887945860232,16.855291051507262,41.10861173431363,16.854213003321295
flow_4_26,41.10397951428041,16.847630876135593,41.10357239370584,16.849347341324286,41.1069737608908,16.8478332074144,41.106150407173736,16.839447730868756
flow_4_27,41.10397951428041,16.847630876135593,41.10357239370584,16.849347341324286,41.10357239370584,16.849347341324286,41.10397951428041,16.847630876135593
flow_4_28,41.10397951428041,16.847630876135593,41.10357239370584,16.849347341324286,41.107787793577664,16.858261368905033,41.10843939498842,16.85693747474272
flow_4_29,41.10397951428041,16.847630876135593,41.10357239370584,16.849347341324286,41.10357239370584,16.849347341324286,41.10403927028676,16.849306737173062
flow_4_30,41.10397951428041,16.847630876135593,41.10357239370584,16.849347341324286,41.107317336305385,16.858674438324883,41.10722590625396,16.85936114348573
flow_4_31,41.10397951428041,16.847630876135593,41.10357239370584,16.849347341324286,41.106763993263314,16.853544489327305,41.10586575211826,16.853629734176355
flow_4_32,41.10397951428041,16.847630876135593,41.10357239370584,16.849347341324286,41.104058750589815,16.85390531064681,41.104854405575175,16.85383635754744
flow_4_33,41.10397951428041,16.847630876135593,41.10357239370584,16.849347341324286,41.104241848915706,16.852339159437378,41.10301262752712,16.852438574025896
flow_4_34,41.10397951428041,16.847630876135593,41.10357239370584,16.849347341324286,41.1020049738588,16.856644941095766,41.10326561352771,16.856379181688784
flow_4_35,41.10397951428041,16.847630876135593,41.10357239370584,16.849347341324286,41.10326307854501,16.856240261410846,41.1020049738588,16.856644941095766
flow_4_36,41.10403927028676,16.849306737173062,41.10357239370584,16.849347341324286,41.10568244199847,16.853647084802333,41.10501918430848,16.853716788029953
flow_4_37,41.10403927028676,16.849306737173062,41.10357239370584,16.849347341324286,41.10567667985701,16.85350139992,41.10655366468042,16.85214501267212
flow_4_38,41.10403927028676,16.849306737173062,41.10357239370584,16.849347341324286,41.10888943814199,16.85603017646436,41.10939348647096,16.855007437640243
flow_4_39,41.10403927028676,16.849306737173062,41.10357239370584,16.849347341324286,41.10760995155661,16.857018182751133,41.107409312693626,16.8583053565791
flow_4_40,41.10403927028676,16.849306737173062,41.10357239370584,16.849347341324286,41.1076655501806,16.853482677393657,41.1076459918036,16.85339947923006
flow_4_41,41.10403927028676,16.849306737173062,41.10357239370584,16.849347341324286,41.10745802857694,16.853291775558137,41.1073338131884,16.85340951411772
flow_4_42,41.10403927028676,16.849306737173062,41.10357239370584,16.849347341324286,41.10734707485234,16.853676884182715,41.10746982861199,16.853767510732208
flow_4_43,41.10403927028676,16.849306737173062,41.10357239370584,16.849347341324286,41.10887945860232,16.855291051507262,41.10861173431363,16.854213003321295
flow_4_44,41.10403927028676,16.849306737173062,41.10357239370584,16.849347341324286,41.1069737608908,16.8478332074144,41.106150407173736,16.839447730868756
flow_4_45,41.10403927028676,16.849306737173062,41.10357239370584,16.849347341324286,41.10357239370584,16.849347341324286,41.10397951428041,16.847630876135593
flow_4_46,41.10403927028676,16.849306737173062,41.10357239370584,16.849347341324286,41.107787793577664,16.858261368905033,41.10843939498842,16.85693747474272
flow_4_47,41.10403927028676,16.849306737173062,41.10357239370584,16.849347341324286,41.10357239370584,16.849347341324286,41.10403927028676,16.849306737173062
flow_4_48,41.10403927028676,16.849306737173062,41.10357239370584,16.849347341324286,41.107317336305385,16.858674438324883,41.10722590625396,16.85936114348573
flow_4_49,41.10403927028676,16.849306737173062,41.10357239370584,16.849347341324286,41.106763993263314,16.853544489327305,41.10586575211826,16.853629734176355
flow_4_50,41.10403927028676,16.849306737173062,41.10357239370584,16.849347341324286,41.104058750589815,16.85390531064681,41.104854405575175,16.85383635754744
flow_4_51,41.10403927028676,16.849306737173062,41.10357239370584,16.849347341324286,41.104241848915706,16.852339159437378,41.10301262752712,16.852438574025896
flow_4_52,41.10403927028676,16.849306737173062,41.10357239370584,16.849347341324286,41.1020049738588,16.856644941095766,41.10326561352771,16.856379181688784
flow_4_53,41.10403927028676,16.849306737173062,41.10357239370584,16.849347341324286,41.10326307854501,16.856240261410846,41.1020049738588,16.856644941095766
flow_4_54,41.101798649474674,16.858100581395767,41.10384258523459,16.858543443353906,41.10568244199847,16.853647084802333,41.10501918430848,16.853716788029953
flow_4_55,41.101798649474674,16.858100581395767,41.10384258523459,16.858543443353906,41.10567667985701,16.85350139992,41.10655366468042,16.85214501267212
flow_4_56,41.101798649474674,16.858100581395767,41.10384258523459,16.858543443353906,41.10888943814199,16.85603017646436,41.10939348647096,16.855007437640243
flow_4_57,41.101798649474674,16.858100581395767,41.10384258523459,16.858543443353906,41.10760995155661,16.857018182751133,41.107409312693626,16.8583053565791
flow_4_58,41.101798649474674,16.858100581395767,41.10384258523459,16.858543443353906,41.1076655501806,16.853482677393657,41.1076459918036,16.85339947923006
flow_4_59,41.101798649474674,16.858100581395767,41.10384258523459,16.858543443353906,41.10745802857694,16.853291775558137,41.1073338131884,16.85340951411772
flow_4_60,41.101798649474674,16.858100581395767,41.10384258523459,16.858543443353906,41.10734707485234,16.853676884182715,41.10746982861199,16.853767510732208
flow_4_61,41.101798649474674,16.858100581395767,41.10384258523459,16.858543443353906,41.10887945860232,16.855291051507262,41.10861173431363,16.854213003321295
flow_4_62,41.101798649474674,16.858100581395767,41.10384258523459,16.858543443353906,41.1069737608908,16.8478332074144,41.106150407173736,16.839447730868756
flow_4_63,41.101798649474674,16.858100581395767,41.10384258523459,16.858543443353906,41.10357239370584,16.849347341324286,41.10397951428041,16.847630876135593
flow_4_64,41.101798649474674,16.858100581395767,41.10384258523459,16.858543443353906,41.107787793577664,16.858261368905033,41.10843939498842,16.85693747474272
flow_4_65,41.101798649474674,16.858100581395767,41.10384258523459,16.858543443353906,41.10357239370584,16.849347341324286,41.10403927028676,16.849306737173062
flow_4_66,41.101798649474674,16.858100581395767,41.10384258523459,16.858543443353906,41.107317336305385,16.858674438324883,41.10722590625396,16.85936114348573
flow_4_67,41.101798649474674,16.858100581395767,41.10384258523459,16.858543443353906,41.106763993263314,16.853544489327305,41.10586575211826,16.853629734176355
flow_4_68,41.101798649474674,16.858100581395767,41.10384258523459,16.858543443353906,41.104058750589815,16.85390531064681,41.104854405575175,16.85383635754744
flow_4_69,41.101798649474674,16.858100581395767,41.10384258523459,16.858543443353906,41.104241848915706,16.852339159437378,41.10301262752712,16.852438574025896
flow_4_70,41.101798649474674,16.858100581395767,41.10384258523459,16.858543443353906,41.1020049738588,16.856644941095766,41.10326561352771,16.856379181688784
flow_4_71,41.101798649474674,16.858100581395767,41.10384258523459,16.858543443353906,41.10326307854501,16.856240261410846,41.1020049738588,16.856644941095766
flow_4_72,41.10793823745877,16.85223204480039,41.1085181369716,16.852595973139756,41.10890060054974,16.852802632812487,41.10979077432872,16.853185183708174
flow_4_73,41.10793823745877,16.85223204480039,41.1085181369716,16.852595973139756,41.1085181369716,16.852595973139756,41.10793823745877,16.85223204480039
flow_4_74,41.10301262752712,16.852438574025896,41.104241848915706,16.852339159437378,41.10568244199847,16.853647084802333,41.10501918430848,16.853716788029953
flow_4_75,41.10301262752712,16.852438574025896,41.104241848915706,16.852339159437378,41.10567667985701,16.85350139992,41.10655366468042,16.85214501267212
flow_4_76,41.10301262752712,16.852438574025896,41.104241848915706,16.852339159437378,41.10888943814199,16.85603017646436,41.10939348647096,16.855007437640243
flow_4_77,41.10301262752712,16.852438574025896,41.104241848915706,16.852339159437378,41.10760995155661,16.857018182751133,41.107409312693626,16.8583053565791
flow_4_78,41.10301262752712,16.852438574025896,41.104241848915706,16.852339159437378,41.1076655501806,16.853482677393657,41.1076459918036,16.85339947923006
flow_4_79,41.10301262752712,16.852438574025896,41.104241848915706,16.852339159437378,41.10745802857694,16.853291775558137,41.1073338131884,16.85340951411772
flow_4_80,41.10301262752712,16.852438574025896,41.104241848915706,16.852339159437378,41.10734707485234,16.853676884182715,41.10746982861199,16.853767510732208
flow_4_81,41.10301262752712,16.852438574025896,41.104241848915706,16.852339159437378,41.10887945860232,16.855291051507262,41.10861173431363,16.854213003321295
flow_4_82,41.10301262752712,16.852438574025896,41.104241848915706,16.852339159437378,41.1069737608908,16.8478332074144,41.106150407173736,16.839447730868756
flow_4_83,41.10301262752712,16.852438574025896,41.104241848915706,16.852339159437378,41.10357239370584,16.849347341324286,41.10397951428041,16.847630876135593
flow_4_84,41.10301262752712,16.852438574025896,41.104241848915706,16.852339159437378,41.107787793577664,16.858261368905033,41.10843939498842,16.85693747474272
flow_4_85,41.10301262752712,16.852438574025896,41.104241848915706,16.852339159437378,41.10357239370584,16.849347341324286,41.10403927028676,16.849306737173062
flow_4_86,41.10301262752712,16.852438574025896,41.104241848915706,16.852339159437378,41.107317336305385,16.858674438324883,41.10722590625396,16.85936114348573
flow_4_87,41.10301262752712,16.852438574025896,41.104241848915706,16.852339159437378,41.106763993263314,16.853544489327305,41.10586575211826,16.853629734176355
flow_4_88,41.10301262752712,16.852438574025896,41.104241848915706,16.852339159437378,41.104058750589815,16.85390531064681,41.104854405575175,16.85383635754744
flow_4_89,41.10301262752712,16.852438574025896,41.104241848915706,16.852339159437378,41.104241848915706,16.852339159437378,41.10301262752712,16.852438574025896
flow_4_90,41.10301262752712,16.852438574025896,41.104241848915706,16.852339159437378,41.1020049738588,16.856644941095766,41.10326561352771,16.856379181688784
flow_4_91,41.10301262752712,16.852438574025896,41.104241848915706,16.852339159437378,41.10326307854501,16.856240261410846,41.1020049738588,16.856644941095766
flow_4_92,41.104850628166,16.85372967086914,41.10405483338111,16.853796120584157,41.10568244199847,16.853647084802333,41.10501918430848,16.853716788029953
flow_4_93,41.104850628166,16.85372967086914,41.10405483338111,16.853796120584157,41.10567667985701,16.85350139992,41.10655366468042,16.85214501267212
flow_4_94,41.104850628166,16.85372967086914,41.10405483338111,16.853796120584157,41.10888943814199,16.85603017646436,41.10939348647096,16.855007437640243
flow_4_95,41.104850628166,16.85372967086914,41.10405483338111,16.853796120584157,41.10760995155661,16.857018182751133,41.107409312693626,16.8583053565791
flow_4_96,41.104850628166,16.85372967086914,41.10405483338111,16.853796120584157,41.1076655501806,16.853482677393657,41.1076459918036,16.85339947923006
flow_4_97,41.104850628166,16.85372967086914,41.10405483338111,16.853796120584157,41.10745802857694,16.853291775558137,41.1073338131884,16.85340951411772
flow_4_98,41.104850628166,16.85372967086914,41.10405483338111,16.853796120584157,41.10734707485234,16.853676884182715,41.10746982861199,16.853767510732208
flow_4_99,41.104850628166,16.85372967086914,41.10405483338111,16.853796120584157,41.10887945860232,16.855291051507262,41.10861173431363,16.854213003321295
flow_4_100,41.104850628166,16.85372967086914,41.10405483338111,16.853796120584157,41.1069737608908,16.8478332074144,41.106150407173736,16.839447730868756
flow_4_101,41.104850628166,16.85372967086914,41.10405483338111,16.853796120584157,41.10357239370584,16.849347341324286,41.10397951428041,16.847630876135593
flow_4_102,41.104850628166,16.85372967086914,41.10405483338111,16.853796120584157,41.107787793577664,16.858261368905033,41.10843939498842,16.85693747474272
flow_4_103,41.104850628166,16.85372967086914,41.10405483338111,16.853796120584157,41.10357239370584,16.849347341324286,41.10403927028676,16.849306737173062
flow_4_104,41.104850628166,16.85372967086914,41.10405483338111,16.853796120584157,41.107317336305385,16.858674438324883,41.10722590625396,16.85936114348573
flow_4_105,41.104850628166,16.85372967086914,41.10405483338111,16.853796120584157,41.106763993263314,16.853544489327305,41.10586575211826,16.853629734176355
flow_4_106,41.104850628166,16.85372967086914,41.10405483338111,16.853796120584157,41.104058750589815,16.85390531064681,41.104854405575175,16.85383635754744
flow_4_107,41.104850628166,16.85372967086914,41.10405483338111,16.853796120584157,41.104241848915706,16.852339159437378,41.10301262752712,16.852438574025896
flow_4_108,41.104850628166,16.85372967086914,41.10405483338111,16.853796120584157,41.1020049738588,16.856644941095766,41.10326561352771,16.856379181688784
flow_4_109,41.104850628166,16.85372967086914,41.10405483338111,16.853796120584157,41.10326307854501,16.856240261410846,41.1020049738588,16.856644941095766
flow_4_110,41.10480693181174,16.850105781352976,41.10499953865813,16.850171326700565,41.10568244199847,16.853647084802333,41.10501918430848,16.853716788029953
flow_4_111,41.10480693181174,16.850105781352976,41.10499953865813,16.850171326700565,41.10567667985701,16.85350139992,41.10655366468042,16.85214501267212
flow_4_112,41.10480693181174,16.850105781352976,41.10499953865813,16.850171326700565,41.10888943814199,16.85603017646436,41.10939348647096,16.855007437640243
flow_4_113,41.10480693181174,16.850105781352976,41.10499953865813,16.850171326700565,41.10760995155661,16.857018182751133,41.107409312693626,16.8583053565791
flow_4_114,41.10480693181174,16.850105781352976,41.10499953865813,16.850171326700565,41.1076655501806,16.853482677393657,41.1076459918036,16.85339947923006
flow_4_115,41.10480693181174,16.850105781352976,41.10499953865813,16.850171326700565,41.10745802857694,16.853291775558137,41.1073338131884,16.85340951411772
flow_4_116,41.10480693181174,16.850105781352976,41.10499953865813,16.850171326700565,41.10734707485234,16.853676884182715,41.10746982861199,16.853767510732208
flow_4_117,41.10480693181174,16.850105781352976,41.10499953865813,16.850171326700565,41.10887945860232,16.855291051507262,41.10861173431363,16.854213003321295
flow_4_118,41.10480693181174,16.850105781352976,41.10499953865813,16.850171326700565,41.1069737608908,16.8478332074144,41.106150407173736,16.839447730868756
flow_4_119,41.10480693181174,16.850105781352976,41.10499953865813,16.850171326700565,41.10357239370584,16.849347341324286,41.10397951428041,16.847630876135593
flow_4_120,41.10480693181174,16.850105781352976,41.10499953865813,16.850171326700565,41.107787793577664,16.858261368905033,41.10843939498842,16.85693747474272
flow_4_121,41.10480693181174,16.850105781352976,41.10499953865813,16.850171326700565,41.10357239370584,16.849347341324286,41.10403927028676,16.849306737173062
flow_4_122,41.10480693181174,16.850105781352976,41.10499953865813,16.850171326700565,41.107317336305385,16.858674438324883,41.10722590625396,16.85936114348573
flow_4_123,41.10480693181174,16.850105781352976,41.10499953865813,16.850171326700565,41.106763993263314,16.853544489327305,41.10586575211826,16.853629734176355
flow_4_124,41.10480693181174,16.850105781352976,41.10499953865813,16.850171326700565,41.104058750589815,16.85390531064681,41.104854405575175,16.85383635754744
flow_4_125,41.10480693181174,16.850105781352976,41.10499953865813,16.850171326700565,41.104241848915706,16.852339159437378,41.10301262752712,16.852438574025896
flow_4_126,41.10480693181174,16.850105781352976,41.10499953865813,16.850171326700565,41.1020049738588,16.856644941095766,41.10326561352771,16.856379181688784
flow_4_127,41.10480693181174,16.850105781352976,41.10499953865813,16.850171326700565,41.10326307854501,16.856240261410846,41.1020049738588,16.856644941095766
flow_4_128,41.10853386435466,16.856759833599398,41.10888943814199,16.85603017646436,41.10568244199847,16.853647084802333,41.10501918430848,16.853716788029953
flow_4_129,41.10853386435466,16.856759833599398,41.10888943814199,16.85603017646436,41.10567667985701,16.85350139992,41.10655366468042,16.85214501267212
flow_4_130,41.10853386435466,16.856759833599398,41.10888943814199,16.85603017646436,41.10888943814199,16.85603017646436,41.10939348647096,16.855007437640243
flow_4_131,41.10853386435466,16.856759833599398,41.10888943814199,16.85603017646436,41.10760995155661,16.857018182751133,41.107409312693626,16.8583053565791
flow_4_132,41.10853386435466,16.856759833599398,41.10888943814199,16.85603017646436,41.1076655501806,16.853482677393657,41.1076459918036,16.85339947923006
flow_4_133,41.10853386435466,16.856759833599398,41.10888943814199,16.85603017646436,41.10745802857694,16.853291775558137,41.1073338131884,16.85340951411772
flow_4_134,41.10853386435466,16.856759833599398,41.10888943814199,16.85603017646436,41.10734707485234,16.853676884182715,41.10746982861199,16.853767510732208
flow_4_135,41.10853386435466,16.856759833599398,41.10888943814199,16.85603017646436,41.10887945860232,16.855291051507262,41.10861173431363,16.854213003321295
flow_4_136,41.10853386435466,16.856759833599398,41.10888943814199,16.85603017646436,41.1069737608908,16.8478332074144,41.106150407173736,16.839447730868756
flow_4_137,41.10853386435466,16.856759833599398,41.10888943814199,16.85603017646436,41.10357239370584,16.849347341324286,41.10397951428041,16.847630876135593
flow_4_138,41.10853386435466,16.856759833599398,41.10888943814199,16.85603017646436,41.107787793577664,16.858261368905033,41.10843939498842,16.85693747474272
flow_4_139,41.10853386435466,16.856759833599398,41.10888943814199,16.85603017646436,41.10357239370584,16.849347341324286,41.10403927028676,16.849306737173062
flow_4_140,41.10853386435466,16.856759833599398,41.10888943814199,16.85603017646436,41.107317336305385,16.858674438324883,41.10722590625396,16.85936114348573
flow_4_141,41.10853386435466,16.856759833599398,41.10888943814199,16.85603017646436,41.106763993263314,16.853544489327305,41.10586575211826,16.853629734176355
flow_4_142,41.10853386435466,16.856759833599398,41.10888943814199,16.85603017646436,41.104058750589815,16.85390531064681,41.104854405575175,16.85383635754744
flow_4_143,41.10853386435466,16.856759833599398,41.10888943814199,16.85603017646436,41.104241848915706,16.852339159437378,41.10301262752712,16.852438574025896
flow_4_144,41.10853386435466,16.856759833599398,41.10888943814199,16.85603017646436,41.1020049738588,16.856644941095766,41.10326561352771,16.856379181688784
flow_4_145,41.10853386435466,16.856759833599398,41.10888943814199,16.85603017646436,41.10326307854501,16.856240261410846,41.1020049738588,16.856644941095766
flow_4_146,41.10921957893124,16.855229530937848,41.10887945860232,16.855291051507262,41.10568244199847,16.853647084802333,41.10501918430848,16.853716788029953
flow_4_147,41.10921957893124,16.855229530937848,41.10887945860232,16.855291051507262,41.10567667985701,16.85350139992,41.10655366468042,16.85214501267212
flow_4_148,41.10921957893124,16.855229530937848,41.10887945860232,16.855291051507262,41.10888943814199,16.85603017646436,41.10939348647096,16.855007437640243
flow_4_149,41.10921957893124,16.855229530937848,41.10887945860232,16.855291051507262,41.10760995155661,16.857018182751133,41.107409312693626,16.8583053565791
flow_4_150,41.10921957893124,16.855229530937848,41.10887945860232,16.855291051507262,41.1076655501806,16.853482677393657,41.1076459918036,16.85339947923006
flow_4_151,41.10921957893124,16.855229530937848,41.10887945860232,16.855291051507262,41.10745802857694,16.853291775558137,41.1073338131884,16.85340951411772
flow_4_152,41.10921957893124,16.855229530937848,41.10887945860232,16.855291051507262,41.10734707485234,16.853676884182715,41.10746982861199,16.853767510732208
flow_4_153,41.10921957893124,16.855229530937848,41.10887945860232,16.855291051507262,41.10887945860232,16.855291051507262,41.10861173431363,16.854213003321295
flow_4_154,41.10921957893124,16.855229530937848,41.10887945860232,16.855291051507262,41.1069737608908,16.8478332074144,41.106150407173736,16.839447730868756
flow_4_155,41.10921957893124,16.855229530937848,41.10887945860232,16.855291051507262,41.10357239370584,16.849347341324286,41.10397951428041,16.847630876135593
flow_4_156,41.10921957893124,16.855229530937848,41.10887945860232,16.855291051507262,41.107787793577664,16.858261368905033,41.10843939498842,16.85693747474272
flow_4_157,41.10921957893124,16.855229530937848,41.10887945860232,16.855291051507262,41.10357239370584,16.849347341324286,41.10403927028676,16.849306737173062
flow_4_158,41.10921957893124,16.855229530937848,41.10887945860232,16.855291051507262,41.107317336305385,16.858674438324883,41.10722590625396,16.85936114348573
flow_4_159,41.10921957893124,16.855229530937848,41.10887945860232,16.855291051507262,41.106763993263314,16.853544489327305,41.10586575211826,16.853629734176355
flow_4_160,41.10921957893124,16.855229530937848,41.10887945860232,16.855291051507262,41.104058750589815,16.85390531064681,41.104854405575175,16.85383635754744
flow_4_161,41.10921957893124,16.855229530937848,41.10887945860232,16.855291051507262,41.104241848915706,16.852339159437378,41.10301262752712,16.852438574025896
flow_4_162,41.10921957893124,16.855229530937848,41.10887945860232,16.855291051507262,41.1020049738588,16.856644941095766,41.10326561352771,16.856379181688784
flow_4_163,41.10921957893124,16.855229530937848,41.10887945860232,16.855291051507262,41.10326307854501,16.856240261410846,41.1020049738588,16.856644941095766
flow_4_164,41.1076655501806,16.853482677393657,41.1076459918036,16.85339947923006,41.10568244199847,16.853647084802333,41.10501918430848,16.853716788029953
flow_4_165,41.1076655501806,16.853482677393657,41.1076459918036,16.85339947923006,41.10567667985701,16.85350139992,41.10655366468042,16.85214501267212
flow_4_166,41.1076655501806,16.853482677393657,41.1076459918036,16.85339947923006,41.10888943814199,16.85603017646436,41.10939348647096,16.855007437640243
flow_4_167,41.1076655501806,16.853482677393657,41.1076459918036,16.85339947923006,41.10760995155661,16.857018182751133,41.107409312693626,16.8583053565791
flow_4_168,41.1076655501806,16.853482677393657,41.1076459918036,16.85339947923006,41.10745802857694,16.853291775558137,41.1073338131884,16.85340951411772
flow_4_169,41.1076655501806,16.853482677393657,41.1076459918036,16.85339947923006,41.10734707485234,16.853676884182715,41.10746982861199,16.853767510732208
flow_4_170,41.1076655501806,16.853482677393657,41.1076459918036,16.85339947923006,41.10887945860232,16.855291051507262,41.10861173431363,16.854213003321295
flow_4_171,41.1076655501806,16.853482677393657,41.1076459918036,16.85339947923006,41.1069737608908,16.8478332074144,41.106150407173736,16.839447730868756
flow_4_172,41.1076655501806,16.853482677393657,41.1076459918036,16.85339947923006,41.10357239370584,16.849347341324286,41.10397951428041,16.847630876135593
flow_4_173,41.1076655501806,16.853482677393657,41.1076459918036,16.85339947923006,41.107787793577664,16.858261368905033,41.10843939498842,16.85693747474272
flow_4_174,41.1076655501806,16.853482677393657,41.1076459918036,16.85339947923006,41.10357239370584,16.849347341324286,41.10403927028676,16.849306737173062
flow_4_175,41.1076655501806,16.853482677393657,41.1076459918036,16.85339947923006,41.107317336305385,16.858674438324883,41.10722590625396,16.85936114348573
flow_4_176,41.1076655501806,16.853482677393657,41.1076459918036,16.85339947923006,41.106763993263314,16.853544489327305,41.10586575211826,16.853629734176355
flow_4_177,41.1076655501806,16.853482677393657,41.1076459918036,16.85339947923006,41.104058750589815,16.85390531064681,41.104854405575175,16.85383635754744
flow_4_178,41.1076655501806,16.853482677393657,41.1076459918036,16.85339947923006,41.104241848915706,16.852339159437378,41.10301262752712,16.852438574025896
flow_4_179,41.1076655501806,16.853482677393657,41.1076459918036,16.85339947923006,41.1020049738588,16.856644941095766,41.10326561352771,16.856379181688784
flow_4_180,41.1076655501806,16.853482677393657,41.1076459918036,16.85339947923006,41.10326307854501,16.856240261410846,41.1020049738588,16.856644941095766
flow_4_181,41.10745802857694,16.853291775558137,41.1073338131884,16.85340951411772,41.10568244199847,16.853647084802333,41.10501918430848,16.853716788029953
flow_4_182,41.10745802857694,16.853291775558137,41.1073338131884,16.85340951411772,41.10567667985701,16.85350139992,41.10655366468042,16.85214501267212
flow_4_183,41.10745802857694,16.853291775558137,41.1073338131884,16.85340951411772,41.10888943814199,16.85603017646436,41.10939348647096,16.855007437640243
flow_4_184,41.10745802857694,16.853291775558137,41.1073338131884,16.85340951411772,41.10760995155661,16.857018182751133,41.107409312693626,16.8583053565791
flow_4_185,41.10745802857694,16.853291775558137,41.1073338131884,16.85340951411772,41.1076655501806,16.853482677393657,41.1076459918036,16.85339947923006
flow_4_186,41.10745802857694,16.853291775558137,41.1073338131884,16.85340951411772,41.10734707485234,16.853676884182715,41.10746982861199,16.853767510732208
flow_4_187,41.10745802857694,16.853291775558137,41.1073338131884,16.85340951411772,41.10887945860232,16.855291051507262,41.10861173431363,16.854213003321295
flow_4_188,41.10745802857694,16.853291775558137,41.1073338131884,16.85340951411772,41.1069737608908,16.8478332074144,41.106150407173736,16.839447730868756
flow_4_189,41.10745802857694,16.853291775558137,41.1073338131884,16.85340951411772,41.10357239370584,16.849347341324286,41.10397951428041,16.847630876135593
flow_4_190,41.10745802857694,16.853291775558137,41.1073338131884,16.85340951411772,41.107787793577664,16.858261368905033,41.10843939498842,16.85693747474272
flow_4_191,41.10745802857694,16.853291775558137,41.1073338131884,16.85340951411772,41.10357239370584,16.849347341324286,41.10403927028676,16.849306737173062
flow_4_192,41.10745802857694,16.853291775558137,41.1073338131884,16.85340951411772,41.107317336305385,16.858674438324883,41.10722590625396,16.85936114348573
flow_4_193,41.10745802857694,16.853291775558137,41.1073338131884,16.85340951411772,41.106763993263314,16.853544489327305,41.10586575211826,16.853629734176355
flow_4_194,41.10745802857694,16.853291775558137,41.1073338131884,16.85340951411772,41.104058750589815,16.85390531064681,41.104854405575175,16.85383635754744
flow_4_195,41.10745802857694,16.853291775558137,41.1073338131884,16.85340951411772,41.104241848915706,16.852339159437378,41.10301262752712,16.852438574025896
flow_4_196,41.10745802857694,16.853291775558137,41.1073338131884,16.85340951411772,41.1020049738588,16.856644941095766,41.10326561352771,16.856379181688784
flow_4_197,41.10745802857694,16.853291775558137,41.1073338131884,16.85340951411772,41.10326307854501,16.856240261410846,41.1020049738588,16.856644941095766
flow_4_198,41.10734707485234,16.853676884182715,41.10746982861199,16.853767510732208,41.10568244199847,16.853647084802333,41.10501918430848,16.853716788029953
flow_4_199,41.10734707485234,16.853676884182715,41.10746982861199,16.853767510732208,41.10567667985701,16.85350139992,41.10655366468042,16.85214501267212
flow_4_200,41.10734707485234,16.853676884182715,41.10746982861199,16.853767510732208,41.10888943814199,16.85603017646436,41.10939348647096,16.855007437640243
flow_4_201,41.10734707485234,16.853676884182715,41.10746982861199,16.853767510732208,41.10760995155661,16.857018182751133,41.107409312693626,16.8583053565791
flow_4_202,41.10734707485234,16.853676884182715,41.10746982861199,16.853767510732208,41.1076655501806,16.853482677393657,41.1076459918036,16.85339947923006
flow_4_203,41.10734707485234,16.853676884182715,41.10746982861199,16.853767510732208,41.10745802857694,16.853291775558137,41.1073338131884,16.85340951411772
flow_4_204,41.10734707485234,16.853676884182715,41.10746982861199,16.853767510732208,41.10887945860232,16.855291051507262,41.10861173431363,16.854213003321295
flow_4_205,41.10734707485234,16.853676884182715,41.10746982861199,16.853767510732208,41.1069737608908,16.8478332074144,41.106150407173736,16.839447730868756
flow_4_206,41.10734707485234,16.853676884182715,41.10746982861199,16.853767510732208,41.10357239370584,16.849347341324286,41.10397951428041,16.847630876135593
flow_4_207,41.10734707485234,16.853676884182715,41.10746982861199,16.853767510732208,41.107787793577664,16.858261368905033,41.10843939498842,16.85693747474272
flow_4_208,41.10734707485234,16.853676884182715,41.10746982861199,16.853767510732208,41.10357239370584,16.849347341324286,41.10403927028676,16.849306737173062
flow_4_209,41.10734707485234,16.853676884182715,41.10746982861199,16.853767510732208,41.107317336305385,16.858674438324883,41.10722590625396,16.85936114348573
flow_4_210,41.10734707485234,16.853676884182715,41.10746982861199,16.853767510732208,41.106763993263314,16.853544489327305,41.10586575211826,16.853629734176355
flow_4_211,41.10734707485234,16.853676884182715,41.10746982861199,16.853767510732208,41.104058750589815,16.85390531064681,41.104854405575175,16.85383635754744
flow_4_212,41.10734707485234,16.853676884182715,41.10746982861199,16.853767510732208,41.104241848915706,16.852339159437378,41.10301262752712,16.852438574025896
flow_4_213,41.10734707485234,16.853676884182715,41.10746982861199,16.853767510732208,41.1020049738588,16.856644941095766,41.10326561352771,16.856379181688784
flow_4_214,41.10734707485234,16.853676884182715,41.10746982861199,16.853767510732208,41.10326307854501,16.856240261410846,41.1020049738588,16.856644941095766
flow_4_215,41.10861173431363,16.854213003321295,41.10792828313583,16.85357307374672,41.10568244199847,16.853647084802333,41.10501918430848,16.853716788029953
flow_4_216,41.10861173431363,16.854213003321295,41.10792828313583,16.85357307374672,41.10567667985701,16.85350139992,41.10655366468042,16.85214501267212
flow_4_217,41.10861173431363,16.854213003321295,41.10792828313583,16.85357307374672,41.10888943814199,16.85603017646436,41.10939348647096,16.855007437640243
flow_4_218,41.10861173431363,16.854213003321295,41.10792828313583,16.85357307374672,41.10760995155661,16.857018182751133,41.107409312693626,16.8583053565791
flow_4_219,41.10861173431363,16.854213003321295,41.10792828313583,16.85357307374672,41.1076655501806,16.853482677393657,41.1076459918036,16.85339947923006
flow_4_220,41.10861173431363,16.854213003321295,41.10792828313583,16.85357307374672,41.10745802857694,16.853291775558137,41.1073338131884,16.85340951411772
flow_4_221,41.10861173431363,16.854213003321295,41.10792828313583,16.85357307374672,41.10734707485234,16.853676884182715,41.10746982861199,16.853767510732208
flow_4_222,41.10861173431363,16.854213003321295,41.10792828313583,16.85357307374672,41.10887945860232,16.855291051507262,41.10861173431363,16.854213003321295
flow_4_223,41.10861173431363,16.854213003321295,41.10792828313583,16.85357307374672,41.1069737608908,16.8478332074144,41.106150407173736,16.839447730868756
flow_4_224,41.10861173431363,16.854213003321295,41.10792828313583,16.85357307374672,41.10357239370584,16.849347341324286,41.10397951428041,16.847630876135593
flow_4_225,41.10861173431363,16.854213003321295,41.10792828313583,16.85357307374672,41.107787793577664,16.858261368905033,41.10843939498842,16.85693747474272
flow_4_226,41.10861173431363,16.854213003321295,41.10792828313583,16.85357307374672,41.10357239370584,16.849347341324286,41.10403927028676,16.849306737173062
flow_4_227,41.10861173431363,16.854213003321295,41.10792828313583,16.85357307374672,41.107317336305385,16.858674438324883,41.10722590625396,16.85936114348573
flow_4_228,41.10861173431363,16.854213003321295,41.10792828313583,16.85357307374672,41.106763993263314,16.853544489327305,41.10586575211826,16.853629734176355
flow_4_229,41.10861173431363,16.854213003321295,41.10792828313583,16.85357307374672,41.104058750589815,16.85390531064681,41.104854405575175,16.85383635754744
flow_4_230,41.10861173431363,16.854213003321295,41.10792828313583,16.85357307374672,41.104241848915706,16.852339159437378,41.10301262752712,16.852438574025896
flow_4_231,41.10861173431363,16.854213003321295,41.10792828313583,16.85357307374672,41.1020049738588,16.856644941095766,41.10326561352771,16.856379181688784
flow_4_232,41.10861173431363,16.854213003321295,41.10792828313583,16.85357307374672,41.10326307854501,16.856240261410846,41.1020049738588,16.856644941095766
flow_4_233,41.10887945860232,16.855291051507262,41.10861173431363,16.854213003321295,41.10568244199847,16.853647084802333,41.10501918430848,16.853716788029953
flow_4_234,41.10887945860232,16.855291051507262,41.10861173431363,16.854213003321295,41.10567667985701,16.85350139992,41.10655366468042,16.85214501267212
flow_4_235,41.10887945860232,16.855291051507262,41.10861173431363,16.854213003321295,41.10888943814199,16.85603017646436,41.10939348647096,16.855007437640243
flow_4_236,41.10887945860232,16.855291051507262,41.10861173431363,16.854213003321295,41.10760995155661,16.857018182751133,41.107409312693626,16.8583053565791
flow_4_237,41.10887945860232,16.855291051507262,41.10861173431363,16.854213003321295,41.1076655501806,16.853482677393657,41.1076459918036,16.85339947923006
flow_4_238,41.10887945860232,16.855291051507262,41.10861173431363,16.854213003321295,41.10745802857694,16.853291775558137,41.1073338131884,16.85340951411772
flow_4_239,41.10887945860232,16.855291051507262,41.10861173431363,16.854213003321295,41.10734707485234,16.853676884182715,41.10746982861199,16.853767510732208
flow_4_240,41.10887945860232,16.855291051507262,41.10861173431363,16.854213003321295,41.1069737608908,16.8478332074144,41.106150407173736,16.839447730868756
flow_4_241,41.10887945860232,16.855291051507262,41.10861173431363,16.854213003321295,41.10357239370584,16.849347341324286,41.10397951428041,16.847630876135593
flow_4_242,41.10887945860232,16.855291051507262,41.10861173431363,16.854213003321295,41.107787793577664,16.858261368905033,41.10843939498842,16.85693747474272
flow_4_243,41.10887945860232,16.855291051507262,41.10861173431363,16.854213003321295,41.10357239370584,16.849347341324286,41.10403927028676,16.849306737173062
flow_4_244,41.10887945860232,16.855291051507262,41.10861173431363,16.854213003321295,41.107317336305385,16.858674438324883,41.10722590625396,16.85936114348573
flow_4_245,41.10887945860232,16.855291051507262,41.10861173431363,16.854213003321295,41.106763993263314,16.853544489327305,41.10586575211826,16.853629734176355
flow_4_246,41.10887945860232,16.855291051507262,41.10861173431363,16.854213003321295,41.104058750589815,16.85390531064681,41.104854405575175,16.85383635754744
flow_4_247,41.10887945860232,16.855291051507262,41.10861173431363,16.854213003321295,41.104241848915706,16.852339159437378,41.10301262752712,16.852438574025896
flow_4_248,41.10887945860232,16.855291051507262,41.10861173431363,16.854213003321295,41.1020049738588,16.856644941095766,41.10326561352771,16.856379181688784
flow_4_249,41.10887945860232,16.855291051507262,41.10861173431363,16.854213003321295,41.10326307854501,16.856240261410846,41.1020049738588,16.856644941095766
flow_4_250,41.107787793577664,16.858261368905033,41.10843939498842,16.85693747474272,41.10568244199847,16.853647084802333,41.10501918430848,16.853716788029953
flow_4_251,41.107787793577664,16.858261368905033,41.10843939498842,16.85693747474272,41.10567667985701,16.85350139992,41.10655366468042,16.85214501267212
flow_4_252,41.107787793577664,16.858261368905033,41.10843939498842,16.85693747474272,41.10888943814199,16.85603017646436,41.10939348647096,16.855007437640243
flow_4_253,41.107787793577664,16.858261368905033,41.10843939498842,16.85693747474272,41.10760995155661,16.857018182751133,41.107409312693626,16.8583053565791
flow_4_254,41.107787793577664,16.858261368905033,41.10843939498842,16.85693747474272,41.1076655501806,16.853482677393657,41.1076459918036,16.85339947923006
flow_4_255,41.107787793577664,16.858261368905033,41.10843939498842,16.85693747474272,41.10745802857694,16.853291775558137,41.1073338131884,16.85340951411772
flow_4_256,41.107787793577664,16.858261368905033,41.10843939498842,16.85693747474272,41.10734707485234,16.853676884182715,41.10746982861199,16.853767510732208
flow_4_257,41.107787793577664,16.858261368905033,41.10843939498842,16.85693747474272,41.10887945860232,16.855291051507262,41.10861173431363,16.854213003321295
flow_4_258,41.107787793577664,16.858261368905033,41.10843939498842,16.85693747474272,41.1069737608908,16.8478332074144,41.106150407173736,16.839447730868756
flow_4_259,41.107787793577664,16.858261368905033,41.10843939498842,16.85693747474272,41.10357239370584,16.849347341324286,41.10397951428041,16.847630876135593
flow_4_260,41.107787793577664,16.858261368905033,41.10843939498842,16.85693747474272,41.10357239370584,16.849347341324286,41.10403927028676,16.849306737173062
flow_4_261,41.107787793577664,16.858261368905033,41.10843939498842,16.85693747474272,41.107317336305385,16.858674438324883,41.10722590625396,16.85936114348573
flow_4_262,41.107787793577664,16.858261368905033,41.10843939498842,16.85693747474272,41.106763993263314,16.853544489327305,41.10586575211826,16.853629734176355
flow_4_263,41.107787793577664,16.858261368905033,41.10843939498842,16.85693747474272,41.104058750589815,16.85390531064681,41.104854405575175,16.85383635754744
flow_4_264,41.107787793577664,16.858261368905033,41.10843939498842,16.85693747474272,41.104241848915706,16.852339159437378,41.10301262752712,16.852438574025896
flow_4_265,41.107787793577664,16.858261368905033,41.10843939498842,16.85693747474272,41.1020049738588,16.856644941095766,41.10326561352771,16.856379181688784
flow_4_266,41.107787793577664,16.858261368905033,41.10843939498842,16.85693747474272,41.10326307854501,16.856240261410846,41.1020049738588,16.856644941095766
flow_4_267,41.10679992960913,16.859769383616342,41.105821127504925,16.85921492163669,41.10568244199847,16.853647084802333,41.10501918430848,16.853716788029953
flow_4_268,41.10679992960913,16.859769383616342,41.105821127504925,16.85921492163669,41.10567667985701,16.85350139992,41.10655366468042,16.85214501267212
flow_4_269,41.10679992960913,16.859769383616342,41.105821127504925,16.85921492163669,41.10888943814199,16.85603017646436,41.10939348647096,16.855007437640243
flow_4_270,41.10679992960913,16.859769383616342,41.105821127504925,16.85921492163669,41.10760995155661,16.857018182751133,41.107409312693626,16.8583053565791
flow_4_271,41.10679992960913,16.859769383616342,41.105821127504925,16.85921492163669,41.1076655501806,16.853482677393657,41.1076459918036,16.85339947923006
flow_4_272,41.10679992960913,16.859769383616342,41.105821127504925,16.85921492163669,41.10745802857694,16.853291775558137,41.1073338131884,16.85340951411772
flow_4_273,41.10679992960913,16.859769383616342,41.105821127504925,16.85921492163669,41.10734707485234,16.853676884182715,41.10746982861199,16.853767510732208
flow_4_274,41.10679992960913,16.859769383616342,41.105821127504925,16.85921492163669,41.10887945860232,16.855291051507262,41.10861173431363,16.854213003321295
flow_4_275,41.10679992960913,16.859769383616342,41.105821127504925,16.85921492163669,41.1069737608908,16.8478332074144,41.106150407173736,16.839447730868756
flow_4_276,41.10679992960913,16.859769383616342,41.105821127504925,16.85921492163669,41.10357239370584,16.849347341324286,41.10397951428041,16.847630876135593
flow_4_277,41.10679992960913,16.859769383616342,41.105821127504925,16.85921492163669,41.107787793577664,16.858261368905033,41.10843939498842,16.85693747474272
flow_4_278,41.10679992960913,16.859769383616342,41.105821127504925,16.85921492163669,41.10357239370584,16.849347341324286,41.10403927028676,16.849306737173062
flow_4_279,41.10679992960913,16.859769383616342,41.105821127504925,16.85921492163669,41.107317336305385,16.858674438324883,41.10722590625396,16.85936114348573
flow_4_280,41.10679992960913,16.859769383616342,41.105821127504925,16.85921492163669,41.106763993263314,16.853544489327305,41.10586575211826,16.853629734176355
flow_4_281,41.10679992960913,16.859769383616342,41.105821127504925,16.85921492163669,41.104058750589815,16.85390531064681,41.104854405575175,16.85383635754744
flow_4_282,41.10679992960913,16.859769383616342,41.105821127504925,16.85921492163669,41.104241848915706,16.852339159437378,41.10301262752712,16.852438574025896
flow_4_283,41.10679992960913,16.859769383616342,41.105821127504925,16.85921492163669,41.1020049738588,16.856644941095766,41.10326561352771,16.856379181688784
flow_4_284,41.10679992960913,16.859769383616342,41.105821127504925,16.85921492163669,41.10326307854501,16.856240261410846,41.1020049738588,16.856644941095766
flow_4_285,41.105821127504925,16.85921492163669,41.10576336021789,16.859183282082483,41.10568244199847,16.853647084802333,41.10501918430848,16.853716788029953
flow_4_286,41.105821127504925,16.85921492163669,41.10576336021789,16.859183282082483,41.10567667985701,16.85350139992,41.10655366468042,16.85214501267212
flow_4_287,41.105821127504925,16.85921492163669,41.10576336021789,16.859183282082483,41.10888943814199,16.85603017646436,41.10939348647096,16.855007437640243
flow_4_288,41.105821127504925,16.85921492163669,41.10576336021789,16.859183282082483,41.10760995155661,16.857018182751133,41.107409312693626,16.8583053565791
flow_4_289,41.105821127504925,16.85921492163669,41.10576336021789,16.859183282082483,41.1076655501806,16.853482677393657,41.1076459918036,16.85339947923006
flow_4_290,41.105821127504925,16.85921492163669,41.10576336021789,16.859183282082483,41.10745802857694,16.853291775558137,41.1073338131884,16.85340951411772
flow_4_291,41.105821127504925,16.85921492163669,41.10576336021789,16.859183282082483,41.10734707485234,16.853676884182715,41.10746982861199,16.853767510732208
flow_4_292,41.105821127504925,16.85921492163669,41.10576336021789,16.859183282082483,41.10887945860232,16.855291051507262,41.10861173431363,16.854213003321295
flow_4_293,41.105821127504925,16.85921492163669,41.10576336021789,16.859183282082483,41.1069737608908,16.8478332074144,41.106150407173736,16.839447730868756
flow_4_294,41.105821127504925,16.85921492163669,41.10576336021789,16.859183282082483,41.10357239370584,16.849347341324286,41.10397951428041,16.847630876135593
flow_4_295,41.105821127504925,16.85921492163669,41.10576336021789,16.859183282082483,41.107787793577664,16.858261368905033,41.10843939498842,16.85693747474272
flow_4_296,41.105821127504925,16.85921492163669,41.10576336021789,16.859183282082483,41.10357239370584,16.849347341324286,41.10403927028676,16.849306737173062
flow_4_297,41.105821127504925,16.85921492163669,41.10576336021789,16.859183282082483,41.107317336305385,16.858674438324883,41.10722590625396,16.85936114348573
flow_4_298,41.105821127504925,16.85921492163669,41.10576336021789,16.859183282082483,41.106763993263314,16.853544489327305,41.10586575211826,16.853629734176355
flow_4_299,41.105821127504925,16.85921492163669,41.10576336021789,16.859183282082483,41.104058750589815,16.85390531064681,41.104854405575175,16.85383635754744
flow_4_300,41.105821127504925,16.85921492163669,41.10576336021789,16.859183282082483,41.104241848915706,16.852339159437378,41.10301262752712,16.852438574025896
flow_4_301,41.105821127504925,16.85921492163669,41.10576336021789,16.859183282082483,41.1020049738588,16.856644941095766,41.10326561352771,16.856379181688784
flow_4_302,41.105821127504925,16.85921492163669,41.10576336021789,16.859183282082483,41.10326307854501,16.856240261410846,41.1020049738588,16.856644941095766
flow_4_303,41.10586575211826,16.853629734176355,41.10568244199847,16.853647084802333,41.10568244199847,16.853647084802333,41.10501918430848,16.853716788029953
flow_4_304,41.10586575211826,16.853629734176355,41.10568244199847,16.853647084802333,41.10567667985701,16.85350139992,41.10655366468042,16.85214501267212
flow_4_305,41.10586575211826,16.853629734176355,41.10568244199847,16.853647084802333,41.10888943814199,16.85603017646436,41.10939348647096,16.855007437640243
flow_4_306,41.10586575211826,16.853629734176355,41.10568244199847,16.853647084802333,41.10760995155661,16.857018182751133,41.107409312693626,16.8583053565791
flow_4_307,41.10586575211826,16.853629734176355,41.10568244199847,16.853647084802333,41.1076655501806,16.853482677393657,41.1076459918036,16.85339947923006
flow_4_308,41.10586575211826,16.853629734176355,41.10568244199847,16.853647084802333,41.10745802857694,16.853291775558137,41.1073338131884,16.85340951411772
flow_4_309,41.10586575211826,16.853629734176355,41.10568244199847,16.853647084802333,41.10734707485234,16.853676884182715,41.10746982861199,16.853767510732208
flow_4_310,41.10586575211826,16.853629734176355,41.10568244199847,16.853647084802333,41.10887945860232,16.855291051507262,41.10861173431363,16.854213003321295
flow_4_311,41.10586575211826,16.853629734176355,41.10568244199847,16.853647084802333,41.1069737608908,16.8478332074144,41.106150407173736,16.839447730868756
flow_4_312,41.10586575211826,16.853629734176355,41.10568244199847,16.853647084802333,41.10357239370584,16.849347341324286,41.10397951428041,16.847630876135593
flow_4_313,41.10586575211826,16.853629734176355,41.10568244199847,16.853647084802333,41.107787793577664,16.858261368905033,41.10843939498842,16.85693747474272
flow_4_314,41.10586575211826,16.853629734176355,41.10568244199847,16.853647084802333,41.10357239370584,16.849347341324286,41.10403927028676,16.849306737173062
flow_4_315,41.10586575211826,16.853629734176355,41.10568244199847,16.853647084802333,41.107317336305385,16.858674438324883,41.10722590625396,16.85936114348573
flow_4_316,41.10586575211826,16.853629734176355,41.10568244199847,16.853647084802333,41.106763993263314,16.853544489327305,41.10586575211826,16.853629734176355
flow_4_317,41.10586575211826,16.853629734176355,41.10568244199847,16.853647084802333,41.104058750589815,16.85390531064681,41.104854405575175,16.85383635754744
flow_4_318,41.10586575211826,16.853629734176355,41.10568244199847,16.853647084802333,41.104241848915706,16.852339159437378,41.10301262752712,16.852438574025896
flow_4_319,41.10586575211826,16.853629734176355,41.10568244199847,16.853647084802333,41.1020049738588,16.856644941095766,41.10326561352771,16.856379181688784
flow_4_320,41.10586575211826,16.853629734176355,41.10568244199847,16.853647084802333,41.10326307854501,16.856240261410846,41.1020049738588,16.856644941095766
flow_4_321,41.106763993263314,16.853544489327305,41.10586575211826,16.853629734176355,41.10568244199847,16.853647084802333,41.10501918430848,16.853716788029953
flow_4_322,41.106763993263314,16.853544489327305,41.10586575211826,16.853629734176355,41.10567667985701,16.85350139992,41.10655366468042,16.85214501267212
flow_4_323,41.106763993263314,16.853544489327305,41.10586575211826,16.853629734176355,41.10888943814199,16.85603017646436,41.10939348647096,16.855007437640243
flow_4_324,41.106763993263314,16.853544489327305,41.10586575211826,16.853629734176355,41.10760995155661,16.857018182751133,41.107409312693626,16.8583053565791
flow_4_325,41.106763993263314,16.853544489327305,41.10586575211826,16.853629734176355,41.1076655501806,16.853482677393657,41.1076459918036,16.85339947923006
flow_4_326,41.106763993263314,16.853544489327305,41.10586575211826,16.853629734176355,41.10745802857694,16.853291775558137,41.1073338131884,16.85340951411772
flow_4_327,41.106763993263314,16.853544489327305,41.10586575211826,16.853629734176355,41.10734707485234,16.853676884182715,41.10746982861199,16.853767510732208
flow_4_328,41.106763993263314,16.853544489327305,41.10586575211826,16.853629734176355,41.10887945860232,16.855291051507262,41.10861173431363,16.854213003321295
flow_4_329,41.106763993263314,16.853544489327305,41.10586575211826,16.853629734176355,41.1069737608908,16.8478332074144,41.106150407173736,16.839447730868756
flow_4_330,41.106763993263314,16.853544489327305,41.10586575211826,16.853629734176355,41.10357239370584,16.849347341324286,41.10397951428041,16.847630876135593
flow_4_331,41.106763993263314,16.853544489327305,41.10586575211826,16.853629734176355,41.107787793577664,16.858261368905033,41.10843939498842,16.85693747474272
flow_4_332,41.106763993263314,16.853544489327305,41.10586575211826,16.853629734176355,41.10357239370584,16.849347341324286,41.10403927028676,16.849306737173062
flow_4_333,41.106763993263314,16.853544489327305,41.10586575211826,16.853629734176355,41.107317336305385,16.858674438324883,41.10722590625396,16.85936114348573
flow_4_334,41.106763993263314,16.853544489327305,41.10586575211826,16.853629734176355,41.104058750589815,16.85390531064681,41.104854405575175,16.85383635754744
flow_4_335,41.106763993263314,16.853544489327305,41.10586575211826,16.853629734176355,41.104241848915706,16.852339159437378,41.10301262752712,16.852438574025896
flow_4_336,41.106763993263314,16.853544489327305,41.10586575211826,16.853629734176355,41.1020049738588,16.856644941095766,41.10326561352771,16.856379181688784
flow_4_337,41.106763993263314,16.853544489327305,41.10586575211826,16.853629734176355,41.10326307854501,16.856240261410846,41.1020049738588,16.856644941095766
flow_4_338,41.10979077432872,16.853185183708174,41.10890060054974,16.852802632812487,41.10890060054974,16.852802632812487,41.10979077432872,16.853185183708174
flow_4_339,41.10979077432872,16.853185183708174,41.10890060054974,16.852802632812487,41.1085181369716,16.852595973139756,41.10793823745877,16.85223204480039
flow_4_340,41.10502248473445,16.853825128746262,41.10568933231134,16.853756242114603,41.10568244199847,16.853647084802333,41.10501918430848,16.853716788029953
flow_4_341,41.10502248473445,16.853825128746262,41.10568933231134,16.853756242114603,41.10567667985701,16.85350139992,41.10655366468042,16.85214501267212
flow_4_342,41.10502248473445,16.853825128746262,41.10568933231134,16.853756242114603,41.10888943814199,16.85603017646436,41.10939348647096,16.855007437640243
flow_4_343,41.10502248473445,16.853825128746262,41.10568933231134,16.853756242114603,41.10760995155661,16.857018182751133,41.107409312693626,16.8583053565791
flow_4_344,41.10502248473445,16.853825128746262,41.10568933231134,16.853756242114603,41.1076655501806,16.853482677393657,41.1076459918036,16.85339947923006
flow_4_345,41.10502248473445,16.853825128746262,41.10568933231134,16.853756242114603,41.10745802857694,16.853291775558137,41.1073338131884,16.85340951411772
flow_4_346,41.10502248473445,16.853825128746262,41.10568933231134,16.853756242114603,41.10734707485234,16.853676884182715,41.10746982861199,16.853767510732208
flow_4_347,41.10502248473445,16.853825128746262,41.10568933231134,16.853756242114603,41.10887945860232,16.855291051507262,41.10861173431363,16.854213003321295
flow_4_348,41.10502248473445,16.853825128746262,41.10568933231134,16.853756242114603,41.1069737608908,16.8478332074144,41.106150407173736,16.839447730868756
flow_4_349,41.10502248473445,16.853825128746262,41.10568933231134,16.853756242114603,41.10357239370584,16.849347341324286,41.10397951428041,16.847630876135593
flow_4_350,41.10502248473445,16.853825128746262,41.10568933231134,16.853756242114603,41.107787793577664,16.858261368905033,41.10843939498842,16.85693747474272
flow_4_351,41.10502248473445,16.853825128746262,41.10568933231134,16.853756242114603,41.10357239370584,16.849347341324286,41.10403927028676,16.849306737173062
flow_4_352,41.10502248473445,16.853825128746262,41.10568933231134,16.853756242114603,41.107317336305385,16.858674438324883,41.10722590625396,16.85936114348573
flow_4_353,41.10502248473445,16.853825128746262,41.10568933231134,16.853756242114603,41.106763993263314,16.853544489327305,41.10586575211826,16.853629734176355
flow_4_354,41.10502248473445,16.853825128746262,41.10568933231134,16.853756242114603,41.104058750589815,16.85390531064681,41.104854405575175,16.85383635754744
flow_4_355,41.10502248473445,16.853825128746262,41.10568933231134,16.853756242114603,41.104241848915706,16.852339159437378,41.10301262752712,16.852438574025896
flow_4_356,41.10502248473445,16.853825128746262,41.10568933231134,16.853756242114603,41.1020049738588,16.856644941095766,41.10326561352771,16.856379181688784
flow_4_357,41.10502248473445,16.853825128746262,41.10568933231134,16.853756242114603,41.10326307854501,16.856240261410846,41.1020049738588,16.856644941095766
flow_4_358,41.10568933231134,16.853756242114603,41.10722516005434,16.85357330092774,41.10568244199847,16.853647084802333,41.10501918430848,16.853716788029953
flow_4_359,41.10568933231134,16.853756242114603,41.10722516005434,16.85357330092774,41.10567667985701,16.85350139992,41.10655366468042,16.85214501267212
flow_4_360,41.10568933231134,16.853756242114603,41.10722516005434,16.85357330092774,41.10888943814199,16.85603017646436,41.10939348647096,16.855007437640243
flow_4_361,41.10568933231134,16.853756242114603,41.10722516005434,16.85357330092774,41.10760995155661,16.857018182751133,41.107409312693626,16.8583053565791
flow_4_362,41.10568933231134,16.853756242114603,41.10722516005434,16.85357330092774,41.1076655501806,16.853482677393657,41.1076459918036,16.85339947923006
flow_4_363,41.10568933231134,16.853756242114603,41.10722516005434,16.85357330092774,41.10745802857694,16.853291775558137,41.1073338131884,16.85340951411772
flow_4_364,41.10568933231134,16.853756242114603,41.10722516005434,16.85357330092774,41.10734707485234,16.853676884182715,41.10746982861199,16.853767510732208
flow_4_365,41.10568933231134,16.853756242114603,41.10722516005434,16.85357330092774,41.10887945860232,16.855291051507262,41.10861173431363,16.854213003321295
flow_4_366,41.10568933231134,16.853756242114603,41.10722516005434,16.85357330092774,41.1069737608908,16.8478332074144,41.106150407173736,16.839447730868756
flow_4_367,41.10568933231134,16.853756242114603,41.10722516005434,16.85357330092774,41.10357239370584,16.849347341324286,41.10397951428041,16.847630876135593
flow_4_368,41.10568933231134,16.853756242114603,41.10722516005434,16.85357330092774,41.107787793577664,16.858261368905033,41.10843939498842,16.85693747474272
flow_4_369,41.10568933231134,16.853756242114603,41.10722516005434,16.85357330092774,41.10357239370584,16.849347341324286,41.10403927028676,16.849306737173062
flow_4_370,41.10568933231134,16.853756242114603,41.10722516005434,16.85357330092774,41.107317336305385,16.858674438324883,41.10722590625396,16.85936114348573
flow_4_371,41.10568933231134,16.853756242114603,41.10722516005434,16.85357330092774,41.106763993263314,16.853544489327305,41.10586575211826,16.853629734176355
flow_4_372,41.10568933231134,16.853756242114603,41.10722516005434,16.85357330092774,41.104058750589815,16.85390531064681,41.104854405575175,16.85383635754744
flow_4_373,41.10568933231134,16.853756242114603,41.10722516005434,16.85357330092774,41.104241848915706,16.852339159437378,41.10301262752712,16.852438574025896
flow_4_374,41.10568933231134,16.853756242114603,41.10722516005434,16.85357330092774,41.1020049738588,16.856644941095766,41.10326561352771,16.856379181688784
flow_4_375,41.10568933231134,16.853756242114603,41.10722516005434,16.85357330092774,41.10326307854501,16.856240261410846,41.1020049738588,16.856644941095766
flow_4_376,41.10336600192967,16.85396048610554,41.104058750589815,16.85390531064681,41.10568244199847,16.853647084802333,41.10501918430848,16.853716788029953
flow_4_377,41.10336600192967,16.85396048610554,41.104058750589815,16.85390531064681,41.10567667985701,16.85350139992,41.10655366468042,16.85214501267212
flow_4_378,41.10336600192967,16.85396048610554,41.104058750589815,16.85390531064681,41.10888943814199,16.85603017646436,41.10939348647096,16.855007437640243
flow_4_379,41.10336600192967,16.85396048610554,41.104058750589815,16.85390531064681,41.10760995155661,16.857018182751133,41.107409312693626,16.8583053565791
flow_4_380,41.10336600192967,16.85396048610554,41.104058750589815,16.85390531064681,41.1076655501806,16.853482677393657,41.1076459918036,16.85339947923006
flow_4_381,41.10336600192967,16.85396048610554,41.104058750589815,16.85390531064681,41.10745802857694,16.853291775558137,41.1073338131884,16.85340951411772
flow_4_382,41.10336600192967,16.85396048610554,41.104058750589815,16.85390531064681,41.10734707485234,16.853676884182715,41.10746982861199,16.853767510732208
flow_4_383,41.10336600192967,16.85396048610554,41.104058750589815,16.85390531064681,41.10887945860232,16.855291051507262,41.10861173431363,16.854213003321295
flow_4_384,41.10336600192967,16.85396048610554,41.104058750589815,16.85390531064681,41.1069737608908,16.8478332074144,41.106150407173736,16.839447730868756
flow_4_385,41.10336600192967,16.85396048610554,41.104058750589815,16.85390531064681,41.10357239370584,16.849347341324286,41.10397951428041,16.847630876135593
flow_4_386,41.10336600192967,16.85396048610554,41.104058750589815,16.85390531064681,41.107787793577664,16.858261368905033,41.10843939498842,16.85693747474272
flow_4_387,41.10336600192967,16.85396048610554,41.104058750589815,16.85390531064681,41.10357239370584,16.849347341324286,41.10403927028676,16.849306737173062
flow_4_388,41.10336600192967,16.85396048610554,41.104058750589815,16.85390531064681,41.107317336305385,16.858674438324883,41.10722590625396,16.85936114348573
flow_4_389,41.10336600192967,16.85396048610554,41.104058750589815,16.85390531064681,41.106763993263314,16.853544489327305,41.10586575211826,16.853629734176355
flow_4_390,41.10336600192967,16.85396048610554,41.104058750589815,16.85390531064681,41.104058750589815,16.85390531064681,41.104854405575175,16.85383635754744
flow_4_391,41.10336600192967,16.85396048610554,41.104058750589815,16.85390531064681,41.104241848915706,16.852339159437378,41.10301262752712,16.852438574025896
flow_4_392,41.10336600192967,16.85396048610554,41.104058750589815,16.85390531064681,41.1020049738588,16.856644941095766,41.10326561352771,16.856379181688784
flow_4_393,41.10336600192967,16.85396048610554,41.104058750589815,16.85390531064681,41.10326307854501,16.856240261410846,41.1020049738588,16.856644941095766
flow_4_394,41.10735241076305,16.859397700894373,41.10751339826996,16.858882777592697,41.10568244199847,16.853647084802333,41.10501918430848,16.853716788029953
flow_4_395,41.10735241076305,16.859397700894373,41.10751339826996,16.858882777592697,41.10567667985701,16.85350139992,41.10655366468042,16.85214501267212
flow_4_396,41.10735241076305,16.859397700894373,41.10751339826996,16.858882777592697,41.10888943814199,16.85603017646436,41.10939348647096,16.855007437640243
flow_4_397,41.10735241076305,16.859397700894373,41.10751339826996,16.858882777592697,41.10760995155661,16.857018182751133,41.107409312693626,16.8583053565791
flow_4_398,41.10735241076305,16.859397700894373,41.10751339826996,16.858882777592697,41.1076655501806,16.853482677393657,41.1076459918036,16.85339947923006
flow_4_399,41.10735241076305,16.859397700894373,41.10751339826996,16.858882777592697,41.10745802857694,16.853291775558137,41.1073338131884,16.85340951411772
flow_4_400,41.10735241076305,16.859397700894373,41.10751339826996,16.858882777592697,41.10734707485234,16.853676884182715,41.10746982861199,16.853767510732208
flow_4_401,41.10735241076305,16.859397700894373,41.10751339826996,16.858882777592697,41.10887945860232,16.855291051507262,41.10861173431363,16.854213003321295
flow_4_402,41.10735241076305,16.859397700894373,41.10751339826996,16.858882777592697,41.1069737608908,16.8478332074144,41.106150407173736,16.839447730868756
flow_4_403,41.10735241076305,16.859397700894373,41.10751339826996,16.858882777592697,41.10357239370584,16.849347341324286,41.10397951428041,16.847630876135593
flow_4_404,41.10735241076305,16.859397700894373,41.10751339826996,16.858882777592697,41.107787793577664,16.858261368905033,41.10843939498842,16.85693747474272
flow_4_405,41.10735241076305,16.859397700894373,41.10751339826996,16.858882777592697,41.10357239370584,16.849347341324286,41.10403927028676,16.849306737173062
flow_4_406,41.10735241076305,16.859397700894373,41.10751339826996,16.858882777592697,41.107317336305385,16.858674438324883,41.10722590625396,16.85936114348573
flow_4_407,41.10735241076305,16.859397700894373,41.10751339826996,16.858882777592697,41.106763993263314,16.853544489327305,41.10586575211826,16.853629734176355
flow_4_408,41.10735241076305,16.859397700894373,41.10751339826996,16.858882777592697,41.104058750589815,16.85390531064681,41.104854405575175,16.85383635754744
flow_4_409,41.10735241076305,16.859397700894373,41.10751339826996,16.858882777592697,41.104241848915706,16.852339159437378,41.10301262752712,16.852438574025896
flow_4_410,41.10735241076305,16.859397700894373,41.10751339826996,16.858882777592697,41.1020049738588,16.856644941095766,41.10326561352771,16.856379181688784
flow_4_411,41.10735241076305,16.859397700894373,41.10751339826996,16.858882777592697,41.10326307854501,16.856240261410846,41.1020049738588,16.856644941095766
flow_4_412,41.10454298400372,16.852310112827404,41.104241848915706,16.852339159437378,41.10568244199847,16.853647084802333,41.10501918430848,16.853716788029953
flow_4_413,41.10454298400372,16.852310112827404,41.104241848915706,16.852339159437378,41.10567667985701,16.85350139992,41.10655366468042,16.85214501267212
flow_4_414,41.10454298400372,16.852310112827404,41.104241848915706,16.852339159437378,41.10888943814199,16.85603017646436,41.10939348647096,16.855007437640243
flow_4_415,41.10454298400372,16.852310112827404,41.104241848915706,16.852339159437378,41.10760995155661,16.857018182751133,41.107409312693626,16.8583053565791
flow_4_416,41.10454298400372,16.852310112827404,41.104241848915706,16.852339159437378,41.1076655501806,16.853482677393657,41.1076459918036,16.85339947923006
flow_4_417,41.10454298400372,16.852310112827404,41.104241848915706,16.852339159437378,41.10745802857694,16.853291775558137,41.1073338131884,16.85340951411772
flow_4_418,41.10454298400372,16.852310112827404,41.104241848915706,16.852339159437378,41.10734707485234,16.853676884182715,41.10746982861199,16.853767510732208
flow_4_419,41.10454298400372,16.852310112827404,41.104241848915706,16.852339159437378,41.10887945860232,16.855291051507262,41.10861173431363,16.854213003321295
flow_4_420,41.10454298400372,16.852310112827404,41.104241848915706,16.852339159437378,41.1069737608908,16.8478332074144,41.106150407173736,16.839447730868756
flow_4_421,41.10454298400372,16.852310112827404,41.104241848915706,16.852339159437378,41.10357239370584,16.849347341324286,41.10397951428041,16.847630876135593
flow_4_422,41.10454298400372,16.852310112827404,41.104241848915706,16.852339159437378,41.107787793577664,16.858261368905033,41.10843939498842,16.85693747474272
flow_4_423,41.10454298400372,16.852310112827404,41.104241848915706,16.852339159437378,41.10357239370584,16.849347341324286,41.10403927028676,16.849306737173062
flow_4_424,41.10454298400372,16.852310112827404,41.104241848915706,16.852339159437378,41.107317336305385,16.858674438324883,41.10722590625396,16.85936114348573
flow_4_425,41.10454298400372,16.852310112827404,41.104241848915706,16.852339159437378,41.106763993263314,16.853544489327305,41.10586575211826,16.853629734176355
flow_4_426,41.10454298400372,16.852310112827404,41.104241848915706,16.852339159437378,41.104058750589815,16.85390531064681,41.104854405575175,16.85383635754744
flow_4_427,41.10454298400372,16.852310112827404,41.104241848915706,16.852339159437378,41.104241848915706,16.852339159437378,41.10301262752712,16.852438574025896
flow_4_428,41.10454298400372,16.852310112827404,41.104241848915706,16.852339159437378,41.1020049738588,16.856644941095766,41.10326561352771,16.856379181688784
flow_4_429,41.10454298400372,16.852310112827404,41.104241848915706,16.852339159437378,41.10326307854501,16.856240261410846,41.1020049738588,16.856644941095766
flow_4_430,41.1020049738588,16.856644941095766,41.10326561352771,16.856379181688784,41.10568244199847,16.853647084802333,41.10501918430848,16.853716788029953
flow_4_431,41.1020049738588,16.856644941095766,41.10326561352771,16.856379181688784,41.10567667985701,16.85350139992,41.10655366468042,16.85214501267212
flow_4_432,41.1020049738588,16.856644941095766,41.10326561352771,16.856379181688784,41.10888943814199,16.85603017646436,41.10939348647096,16.855007437640243
flow_4_433,41.1020049738588,16.856644941095766,41.10326561352771,16.856379181688784,41.10760995155661,16.857018182751133,41.107409312693626,16.8583053565791
flow_4_434,41.1020049738588,16.856644941095766,41.10326561352771,16.856379181688784,41.1076655501806,16.853482677393657,41.1076459918036,16.85339947923006
flow_4_435,41.1020049738588,16.856644941095766,41.10326561352771,16.856379181688784,41.10745802857694,16.853291775558137,41.1073338131884,16.85340951411772
flow_4_436,41.1020049738588,16.856644941095766,41.10326561352771,16.856379181688784,41.10734707485234,16.853676884182715,41.10746982861199,16.853767510732208
flow_4_437,41.1020049738588,16.856644941095766,41.10326561352771,16.856379181688784,41.10887945860232,16.855291051507262,41.10861173431363,16.854213003321295
flow_4_438,41.1020049738588,16.856644941095766,41.10326561352771,16.856379181688784,41.1069737608908,16.8478332074144,41.106150407173736,16.839447730868756
flow_4_439,41.1020049738588,16.856644941095766,41.10326561352771,16.856379181688784,41.10357239370584,16.849347341324286,41.10397951428041,16.847630876135593
flow_4_440,41.1020049738588,16.856644941095766,41.10326561352771,16.856379181688784,41.107787793577664,16.858261368905033,41.10843939498842,16.85693747474272
flow_4_441,41.1020049738588,16.856644941095766,41.10326561352771,16.856379181688784,41.10357239370584,16.849347341324286,41.10403927028676,16.849306737173062
flow_4_442,41.1020049738588,16.856644941095766,41.10326561352771,16.856379181688784,41.107317336305385,16.858674438324883,41.10722590625396,16.85936114348573
flow_4_443,41.1020049738588,16.856644941095766,41.10326561352771,16.856379181688784,41.106763993263314,16.853544489327305,41.10586575211826,16.853629734176355
flow_4_444,41.1020049738588,16.856644941095766,41.10326561352771,16.856379181688784,41.104058750589815,16.85390531064681,41.104854405575175,16.85383635754744
flow_4_445,41.1020049738588,16.856644941095766,41.10326561352771,16.856379181688784,41.104241848915706,16.852339159437378,41.10301262752712,16.852438574025896
flow_4_446,41.1020049738588,16.856644941095766,41.10326561352771,16.856379181688784,41.10326307854501,16.856240261410846,41.1020049738588,16.856644941095766
flow_4_447,41.10356242536798,16.856199274354775,41.10346836109101,16.856301535837805,41.10568244199847,16.853647084802333,41.10501918430848,16.853716788029953
flow_4_448,41.10356242536798,16.856199274354775,41.10346836109101,16.856301535837805,41.10567667985701,16.85350139992,41.10655366468042,16.85214501267212
flow_4_449,41.10356242536798,16.856199274354775,41.10346836109101,16.856301535837805,41.10888943814199,16.85603017646436,41.10939348647096,16.855007437640243
flow_4_450,41.10356242536798,16.856199274354775,41.10346836109101,16.856301535837805,41.10760995155661,16.857018182751133,41.107409312693626,16.8583053565791
flow_4_451,41.10356242536798,16.856199274354775,41.10346836109101,16.856301535837805,41.1076655501806,16.853482677393657,41.1076459918036,16.85339947923006
flow_4_452,41.10356242536798,16.856199274354775,41.10346836109101,16.856301535837805,41.10745802857694,16.853291775558137,41.1073338131884,16.85340951411772
flow_4_453,41.10356242536798,16.856199274354775,41.10346836109101,16.856301535837805,41.10734707485234,16.853676884182715,41.10746982861199,16.853767510732208
flow_4_454,41.10356242536798,16.856199274354775,41.10346836109101,16.856301535837805,41.10887945860232,16.855291051507262,41.10861173431363,16.854213003321295
flow_4_455,41.10356242536798,16.856199274354775,41.10346836109101,16.856301535837805,41.1069737608908,16.8478332074144,41.106150407173736,16.839447730868756
flow_4_456,41.10356242536798,16.856199274354775,41.10346836109101,16.856301535837805,41.10357239370584,16.849347341324286,41.10397951428041,16.847630876135593
flow_4_457,41.10356242536798,16.856199274354775,41.10346836109101,16.856301535837805,41.107787793577664,16.858261368905033,41.10843939498842,16.85693747474272
flow_4_458,41.10356242536798,16.856199274354775,41.10346836109101,16.856301535837805,41.10357239370584,16.849347341324286,41.10403927028676,16.849306737173062
flow_4_459,41.10356242536798,16.856199274354775,41.10346836109101,16.856301535837805,41.107317336305385,16.858674438324883,41.10722590625396,16.85936114348573
flow_4_460,41.10356242536798,16.856199274354775,41.10346836109101,16.856301535837805,41.106763993263314,16.853544489327305,41.10586575211826,16.853629734176355
flow_4_461,41.10356242536798,16.856199274354775,41.10346836109101,16.856301535837805,41.104058750589815,16.85390531064681,41.104854405575175,16.85383635754744
flow_4_462,41.10356242536798,16.856199274354775,41.10346836109101,16.856301535837805,41.104241848915706,16.852339159437378,41.10301262752712,16.852438574025896
flow_4_463,41.10356242536798,16.856199274354775,41.10346836109101,16.856301535837805,41.1020049738588,16.856644941095766,41.10326561352771,16.856379181688784
flow_4_464,41.10356242536798,16.856199274354775,41.10346836109101,16.856301535837805,41.10326307854501,16.856240261410846,41.1020049738588,16.856644941095766
flow_4_465,41.10326307854501,16.856240261410846,41.1020049738588,16.856644941095766,41.10568244199847,16.853647084802333,41.10501918430848,16.853716788029953
flow_4_466,41.10326307854501,16.856240261410846,41.1020049738588,16.856644941095766,41.10567667985701,16.85350139992,41.10655366468042,16.85214501267212
flow_4_467,41.10326307854501,16.856240261410846,41.1020049738588,16.856644941095766,41.10888943814199,16.85603017646436,41.10939348647096,16.855007437640243
flow_4_468,41.10326307854501,16.856240261410846,41.1020049738588,16.856644941095766,41.10760995155661,16.857018182751133,41.107409312693626,16.8583053565791
flow_4_469,41.10326307854501,16.856240261410846,41.1020049738588,16.856644941095766,41.1076655501806,16.853482677393657,41.1076459918036,16.85339947923006
flow_4_470,41.10326307854501,16.856240261410846,41.1020049738588,16.856644941095766,41.10745802857694,16.853291775558137,41.1073338131884,16.85340951411772
flow_4_471,41.10326307854501,16.856240261410846,41.1020049738588,16.856644941095766,41.10734707485234,16.853676884182715,41.10746982861199,16.853767510732208
flow_4_472,41.10326307854501,16.856240261410846,41.1020049738588,16.856644941095766,41.10887945860232,16.855291051507262,41.10861173431363,16.854213003321295
flow_4_473,41.10326307854501,16.856240261410846,41.1020049738588,16.856644941095766,41.1069737608908,16.8478332074144,41.106150407173736,16.839447730868756
flow_4_474,41.10326307854501,16.856240261410846,41.1020049738588,16.856644941095766,41.10357239370584,16.849347341324286,41.10397951428041,16.847630876135593
flow_4_475,41.10326307854501,16.856240261410846,41.1020049738588,16.856644941095766,41.107787793577664,16.858261368905033,41.10843939498842,16.85693747474272
flow_4_476,41.10326307854501,16.856240261410846,41.1020049738588,16.856644941095766,41.10357239370584,16.849347341324286,41.10403927028676,16.849306737173062
flow_4_477,41.10326307854501,16.856240261410846,41.1020049738588,16.856644941095766,41.107317336305385,16.858674438324883,41.10722590625396,16.85936114348573
flow_4_478,41.10326307854501,16.856240261410846,41.1020049738588,16.856644941095766,41.106763993263314,16.853544489327305,41.10586575211826,16.853629734176355
flow_4_479,41.10326307854501,16.856240261410846,41.1020049738588,16.856644941095766,41.104058750589815,16.85390531064681,41.104854405575175,16.85383635754744
flow_4_480,41.10326307854501,16.856240261410846,41.1020049738588,16.856644941095766,41.104241848915706,16.852339159437378,41.10301262752712,16.852438574025896
flow_4_481,41.10326307854501,16.856240261410846,41.1020049738588,16.856644941095766,41.1020049738588,16.856644941095766,41.10326561352771,16.856379181688784
